-- MySQL dump 10.13  Distrib 8.0.23, for Win64 (x86_64)
--
-- Host: localhost    Database: vk
-- ------------------------------------------------------
-- Server version	8.0.23

/*!40101 SET @OLD_CHARACTER_SET_CLIENT=@@CHARACTER_SET_CLIENT */;
/*!40101 SET @OLD_CHARACTER_SET_RESULTS=@@CHARACTER_SET_RESULTS */;
/*!40101 SET @OLD_COLLATION_CONNECTION=@@COLLATION_CONNECTION */;
/*!50503 SET NAMES utf8mb4 */;
/*!40103 SET @OLD_TIME_ZONE=@@TIME_ZONE */;
/*!40103 SET TIME_ZONE='+00:00' */;
/*!40014 SET @OLD_UNIQUE_CHECKS=@@UNIQUE_CHECKS, UNIQUE_CHECKS=0 */;
/*!40014 SET @OLD_FOREIGN_KEY_CHECKS=@@FOREIGN_KEY_CHECKS, FOREIGN_KEY_CHECKS=0 */;
/*!40101 SET @OLD_SQL_MODE=@@SQL_MODE, SQL_MODE='NO_AUTO_VALUE_ON_ZERO' */;
/*!40111 SET @OLD_SQL_NOTES=@@SQL_NOTES, SQL_NOTES=0 */;

--
-- Table structure for table `communities`
--

DROP TABLE IF EXISTS `communities`;
/*!40101 SET @saved_cs_client     = @@character_set_client */;
/*!50503 SET character_set_client = utf8mb4 */;
CREATE TABLE `communities` (
  `id` int unsigned NOT NULL AUTO_INCREMENT COMMENT '╨Ш╨┤╨╡╨╜╤В╨╕╤Д╨╕╨║╨░╤В╨╛╤А ╤Б╤А╨╛╨║╨╕',
  `name` varchar(150) CHARACTER SET utf8mb4 COLLATE utf8mb4_unicode_ci NOT NULL COMMENT '╨Э╨░╨╖╨▓╨░╨╜╨╕╨╡ ╨│╤А╤Г╨┐╨┐╤Л',
  `created_at` datetime DEFAULT CURRENT_TIMESTAMP COMMENT '╨Т╤А╨╡╨╝╤П ╤Б╨╛╨╖╨┤╨░╨╜╨╕╤П ╤Б╤В╤А╨╛╨║╨╕',
  `updated_at` datetime DEFAULT CURRENT_TIMESTAMP ON UPDATE CURRENT_TIMESTAMP COMMENT '╨Т╤А╨╡╨╝╤П ╨╛╨▒╨╜╨╛╨▓╨╗╨╡╨╜╨╕╤П ╤Б╤В╤А╨╛╨║╨╕',
  PRIMARY KEY (`id`),
  UNIQUE KEY `name` (`name`)
) ENGINE=InnoDB AUTO_INCREMENT=101 DEFAULT CHARSET=utf8mb4 COLLATE=utf8mb4_unicode_ci COMMENT='╨У╤А╤Г╨┐╨┐╤Л';
/*!40101 SET character_set_client = @saved_cs_client */;

--
-- Dumping data for table `communities`
--

LOCK TABLES `communities` WRITE;
/*!40000 ALTER TABLE `communities` DISABLE KEYS */;
INSERT INTO `communities` VALUES (1,'iusto','2018-08-26 09:23:59','2020-11-14 13:50:38'),(2,'cupiditate','2012-05-29 00:37:05','2017-05-05 10:20:58'),(3,'molestias','2016-02-15 08:55:23','2020-03-26 09:55:04'),(4,'doloribus','2011-10-08 20:44:45','2012-10-15 22:38:44'),(5,'sit','2011-07-17 08:58:14','2020-10-10 04:15:23'),(6,'veritatis','2014-10-29 08:27:44','2018-02-16 11:14:00'),(7,'eum','2016-07-23 23:43:10','2018-11-25 00:23:37'),(8,'magni','2014-07-23 04:43:26','2012-04-03 18:03:53'),(9,'beatae','2016-12-21 03:05:57','2016-04-19 17:23:12'),(10,'nisi','2015-06-17 16:31:04','2020-04-11 02:33:26'),(11,'omnis','2015-11-21 12:51:59','2012-06-04 02:05:00'),(12,'tempora','2016-11-11 12:03:03','2011-09-04 17:13:46'),(13,'deserunt','2019-10-09 01:19:24','2018-04-10 23:27:24'),(14,'quis','2020-10-22 12:57:36','2018-03-01 11:40:32'),(15,'ex','2017-11-23 04:02:19','2012-05-17 07:09:30'),(16,'ut','2018-07-21 14:00:29','2018-01-15 14:12:01'),(17,'amet','2020-07-15 03:27:00','2018-02-06 03:17:08'),(18,'assumenda','2011-12-27 15:10:50','2015-03-04 02:51:54'),(19,'quas','2013-10-29 18:29:37','2018-05-17 02:42:06'),(20,'perspiciatis','2020-03-20 17:33:17','2015-11-11 04:01:39'),(21,'est','2011-09-03 22:33:11','2019-05-18 00:19:35'),(22,'delectus','2020-08-09 09:51:45','2013-11-21 11:39:47'),(23,'reiciendis','2014-05-16 10:48:48','2013-07-30 18:26:31'),(24,'doloremque','2015-06-27 14:06:26','2017-10-07 16:20:24'),(25,'ducimus','2020-08-02 09:18:48','2012-08-17 03:49:28'),(26,'aliquam','2020-12-11 05:58:17','2020-06-11 09:55:05'),(27,'facere','2016-10-29 15:39:48','2011-04-26 06:43:51'),(28,'consequatur','2012-10-09 04:11:38','2013-01-01 21:45:10'),(29,'possimus','2016-06-17 09:00:26','2019-12-07 22:27:48'),(30,'dicta','2017-07-10 01:22:17','2011-10-01 14:07:44'),(31,'animi','2017-06-20 06:30:46','2011-07-24 10:05:26'),(32,'qui','2017-09-03 08:14:41','2017-01-09 03:52:19'),(33,'autem','2015-10-19 09:39:31','2011-07-17 20:13:05'),(34,'et','2020-06-11 09:30:45','2013-09-12 21:52:39'),(35,'quidem','2015-08-07 23:44:58','2012-10-24 04:43:24'),(36,'enim','2020-01-11 05:03:54','2020-01-01 17:11:16'),(37,'quia','2020-07-09 08:01:19','2017-06-16 16:39:45'),(38,'quae','2020-04-21 06:24:38','2013-09-18 07:35:23'),(39,'aperiam','2011-10-18 07:12:17','2014-09-21 04:21:20'),(40,'maiores','2018-05-05 02:30:54','2012-11-02 07:22:51'),(41,'dolor','2012-10-22 21:59:15','2017-03-02 19:25:15'),(42,'id','2011-07-23 08:46:52','2012-06-12 18:22:49'),(43,'iste','2019-03-09 22:27:10','2020-11-17 01:51:55'),(44,'necessitatibus','2014-12-25 17:15:18','2017-06-09 14:57:01'),(45,'culpa','2020-02-09 19:48:08','2015-07-17 15:00:11'),(46,'itaque','2013-10-17 22:10:37','2017-10-14 01:32:21'),(47,'asperiores','2020-10-28 22:35:33','2012-08-25 18:38:19'),(48,'maxime','2018-08-27 12:36:50','2017-12-17 16:35:30'),(49,'neque','2013-09-18 04:29:02','2013-09-18 12:31:58'),(50,'voluptatibus','2018-08-24 17:53:34','2011-12-26 18:43:09'),(51,'sequi','2017-06-07 03:19:13','2016-11-20 22:34:57'),(52,'sunt','2015-12-10 15:50:21','2014-08-24 22:25:57'),(53,'voluptate','2015-09-01 05:29:31','2011-04-29 19:39:53'),(54,'temporibus','2018-02-02 23:40:34','2015-10-02 12:08:13'),(55,'alias','2013-10-14 09:40:03','2020-12-20 02:36:01'),(56,'eius','2011-07-01 15:39:02','2019-12-27 22:02:30'),(57,'aut','2018-01-17 19:38:13','2018-10-27 20:38:52'),(58,'distinctio','2011-11-28 13:27:17','2016-09-16 03:23:55'),(59,'minus','2014-09-08 15:47:06','2013-07-24 02:06:22'),(60,'reprehenderit','2012-07-17 03:27:45','2016-02-10 03:23:58'),(61,'ea','2020-11-03 11:24:26','2011-03-29 03:21:13'),(62,'numquam','2020-08-03 09:00:51','2013-05-04 07:06:49'),(63,'exercitationem','2018-06-02 10:46:20','2017-11-26 00:33:25'),(64,'voluptatem','2015-01-25 18:20:41','2014-02-23 19:52:52'),(65,'nihil','2018-06-27 11:15:49','2018-05-05 08:16:52'),(66,'deleniti','2017-12-21 04:35:45','2020-12-09 02:11:52'),(67,'nemo','2016-02-04 19:20:18','2013-08-25 05:19:59'),(68,'accusantium','2017-01-15 13:25:16','2017-09-23 20:10:44'),(69,'quo','2012-04-17 08:02:06','2013-06-29 07:18:00'),(70,'tempore','2015-12-22 22:59:58','2018-03-24 02:26:38'),(71,'similique','2021-01-10 11:47:47','2015-06-13 00:38:30'),(72,'cumque','2019-02-02 07:01:06','2015-01-12 19:09:27'),(73,'unde','2014-07-03 00:31:32','2013-01-26 11:56:45'),(74,'recusandae','2019-08-21 17:14:21','2013-11-24 16:19:37'),(75,'ipsum','2015-05-28 08:28:14','2014-07-27 14:49:16'),(76,'labore','2018-08-13 15:31:51','2012-04-03 12:30:24'),(77,'impedit','2012-09-24 17:05:08','2019-11-25 19:27:40'),(78,'dolorem','2020-11-11 02:59:56','2019-08-29 23:58:19'),(79,'earum','2018-06-10 23:57:26','2021-01-13 14:04:42'),(80,'non','2019-12-20 01:57:04','2016-04-11 10:33:18'),(81,'tenetur','2018-12-26 09:44:27','2016-11-08 10:10:58'),(82,'quod','2016-01-12 00:20:57','2019-01-11 00:42:03'),(83,'voluptas','2012-09-14 04:53:47','2021-02-21 15:31:00'),(84,'nostrum','2011-04-18 03:15:58','2017-03-17 07:40:24'),(85,'facilis','2019-09-16 15:09:51','2011-12-29 03:21:56'),(86,'mollitia','2019-04-29 22:40:45','2015-12-18 11:13:49'),(87,'dolore','2015-02-18 02:18:22','2018-08-28 20:51:37'),(88,'quos','2019-02-22 08:53:03','2018-05-31 11:34:45'),(89,'perferendis','2015-08-04 17:44:22','2011-07-08 10:03:49'),(90,'ipsa','2015-10-04 16:57:32','2013-11-09 19:50:56'),(91,'laboriosam','2020-09-14 18:24:24','2013-05-10 03:13:12'),(92,'incidunt','2019-08-01 08:23:49','2011-05-03 00:18:07'),(93,'voluptates','2011-12-25 08:26:37','2014-01-12 04:33:18'),(94,'fuga','2014-08-07 01:30:15','2015-10-19 12:48:07'),(95,'sed','2015-06-18 17:59:57','2017-06-18 15:46:41'),(96,'quam','2014-11-10 20:04:09','2019-03-12 15:49:36'),(97,'eligendi','2019-03-26 17:48:24','2020-04-13 14:00:39'),(98,'nulla','2020-10-13 16:10:30','2019-10-11 05:36:36'),(99,'at','2015-10-21 00:56:26','2017-08-11 21:19:14'),(100,'vitae','2012-06-30 10:25:59','2019-08-04 16:26:41');
/*!40000 ALTER TABLE `communities` ENABLE KEYS */;
UNLOCK TABLES;

--
-- Table structure for table `communities_users`
--

DROP TABLE IF EXISTS `communities_users`;
/*!40101 SET @saved_cs_client     = @@character_set_client */;
/*!50503 SET character_set_client = utf8mb4 */;
CREATE TABLE `communities_users` (
  `community_id` int unsigned NOT NULL COMMENT '╨б╤Б╤Л╨╗╨║╨░ ╨╜╨░ ╨│╤А╤Г╨┐╨┐╤Г',
  `user_id` int unsigned NOT NULL COMMENT '╨б╤Б╤Л╨╗╨║╨░ ╨╜╨░ ╨┐╨╛╨╗╤М╨╖╨╛╨▓╨░╤В╨╡╨╗╤П',
  `created_at` datetime DEFAULT CURRENT_TIMESTAMP COMMENT '╨Т╤А╨╡╨╝╤П ╤Б╨╛╨╖╨┤╨░╨╜╨╕╤П ╤Б╤В╤А╨╛╨║╨╕',
  PRIMARY KEY (`community_id`,`user_id`) COMMENT '╨б╨╛╤Б╤В╨░╨▓╨╜╨╛╨╣ ╨┐╨╡╤А╨▓╨╕╤З╨╜╤Л╨╣ ╨║╨╗╤О╤З'
) ENGINE=InnoDB DEFAULT CHARSET=utf8mb4 COLLATE=utf8mb4_unicode_ci COMMENT='╨г╤З╨░╤Б╤В╨╜╨╕╨║╨╕ ╨│╤А╤Г╨┐╨┐, ╤Б╨▓╤П╨╖╤М ╨╝╨╡╨╢╨┤╤Г ╨┐╨╛╨╗╤М╨╖╨╛╨▓╨░╤В╨╡╨╗╤П╨╝╨╕ ╨╕ ╨│╤А╤Г╨┐╨┐╨░╨╝╨╕';
/*!40101 SET character_set_client = @saved_cs_client */;

--
-- Dumping data for table `communities_users`
--

LOCK TABLES `communities_users` WRITE;
/*!40000 ALTER TABLE `communities_users` DISABLE KEYS */;
INSERT INTO `communities_users` VALUES (1,1,'2011-09-17 16:10:09'),(2,2,'2016-07-11 14:16:12'),(3,3,'2015-01-20 08:25:06'),(4,4,'2019-06-02 09:57:31'),(5,5,'2019-04-22 19:04:21'),(6,6,'2016-03-17 23:59:17'),(7,7,'2012-01-26 16:31:57'),(8,8,'2018-11-03 17:06:02'),(9,9,'2017-12-31 09:39:30'),(10,10,'2011-05-30 05:50:34'),(11,11,'2015-07-14 06:41:29'),(12,12,'2015-03-17 03:09:06'),(13,13,'2012-03-07 19:34:10'),(14,14,'2020-02-23 20:53:22'),(15,15,'2011-10-01 21:45:58'),(16,16,'2017-10-30 00:26:43'),(17,17,'2014-02-19 08:00:00'),(18,18,'2020-05-11 16:47:47'),(19,19,'2018-11-03 16:00:08'),(20,20,'2019-08-22 18:25:34'),(21,21,'2017-10-09 02:48:57'),(22,22,'2016-08-25 04:14:14'),(23,23,'2020-04-14 03:22:13'),(24,24,'2017-12-11 03:48:05'),(25,25,'2014-11-18 20:28:16'),(26,26,'2012-01-09 18:58:25'),(27,27,'2017-11-22 16:38:53'),(28,28,'2012-03-18 16:32:25'),(29,29,'2015-11-20 12:40:29'),(30,30,'2013-09-19 00:45:01'),(31,31,'2018-05-26 10:49:59'),(32,32,'2016-09-28 15:46:04'),(33,33,'2013-10-07 06:21:35'),(34,34,'2017-03-29 10:58:32'),(35,35,'2017-06-30 11:39:50'),(36,36,'2021-01-22 04:16:12'),(37,37,'2011-06-05 12:16:54'),(38,38,'2016-04-02 06:15:13'),(39,39,'2016-07-05 02:07:29'),(40,40,'2018-09-25 20:39:51'),(41,41,'2017-02-16 03:57:44'),(42,42,'2014-07-17 17:46:45'),(43,43,'2016-05-10 18:39:59'),(44,44,'2011-04-27 23:00:16'),(45,45,'2018-11-28 23:26:18'),(46,46,'2014-10-22 21:43:15'),(47,47,'2014-05-18 14:38:06'),(48,48,'2019-03-12 23:42:41'),(49,49,'2018-07-22 01:42:42'),(50,50,'2011-05-11 20:11:43'),(51,51,'2015-04-02 15:58:12'),(52,52,'2020-01-04 20:01:44'),(53,53,'2013-04-23 23:34:11'),(54,54,'2017-10-25 14:33:39'),(55,55,'2015-04-07 18:10:55'),(56,56,'2014-08-10 00:50:31'),(57,57,'2016-05-20 14:44:05'),(58,58,'2020-11-27 22:30:46'),(59,59,'2015-04-30 17:53:34'),(60,60,'2020-05-26 13:21:33'),(61,61,'2017-08-12 10:45:38'),(62,62,'2017-05-03 12:49:58'),(63,63,'2020-12-23 15:48:28'),(64,64,'2017-08-27 21:59:57'),(65,65,'2013-01-02 02:45:52'),(66,66,'2011-10-15 22:57:43'),(67,67,'2014-11-08 11:56:02'),(68,68,'2017-02-01 06:44:13'),(69,69,'2020-09-07 18:42:56'),(70,70,'2015-06-26 20:25:05'),(71,71,'2016-08-27 20:08:26'),(72,72,'2016-08-16 06:59:54'),(73,73,'2014-12-31 08:41:22'),(74,74,'2016-06-06 14:12:45'),(75,75,'2012-01-06 07:52:07'),(76,76,'2014-04-23 13:28:11'),(77,77,'2015-07-11 11:50:59'),(78,78,'2021-01-09 01:24:37'),(79,79,'2014-04-19 09:43:47'),(80,80,'2016-09-24 02:49:14'),(81,81,'2011-07-26 05:37:46'),(82,82,'2020-07-24 15:50:47'),(83,83,'2012-02-13 02:20:57'),(84,84,'2017-11-13 05:20:43'),(85,85,'2012-01-09 03:45:42'),(86,86,'2017-07-26 20:38:14'),(87,87,'2013-05-12 04:14:57'),(88,88,'2018-07-17 01:52:13'),(89,89,'2013-12-21 07:52:11'),(90,90,'2017-07-08 10:37:49'),(91,91,'2014-03-07 21:02:51'),(92,92,'2018-09-30 16:36:08'),(93,93,'2015-03-12 21:52:27'),(94,94,'2012-03-02 03:21:55'),(95,95,'2016-08-11 14:38:45'),(96,96,'2011-12-24 15:14:04'),(97,97,'2014-08-13 18:38:50'),(98,98,'2021-01-11 22:50:04'),(99,99,'2020-02-20 15:12:56'),(100,100,'2014-10-28 14:28:00');
/*!40000 ALTER TABLE `communities_users` ENABLE KEYS */;
UNLOCK TABLES;

--
-- Table structure for table `friendship`
--

DROP TABLE IF EXISTS `friendship`;
/*!40101 SET @saved_cs_client     = @@character_set_client */;
/*!50503 SET character_set_client = utf8mb4 */;
CREATE TABLE `friendship` (
  `user_id` int unsigned NOT NULL COMMENT '╨б╤Б╤Л╨╗╨║╨░ ╨╜╨░ ╨╕╨╜╨╕╤Ж╨╕╨░╤В╨╛╤А╨░ ╨┤╤А╤Г╨╢╨╡╤Б╨║╨╕╤Е ╨╛╤В╨╜╨╛╤И╨╡╨╜╨╕╨╣',
  `friend_id` int unsigned NOT NULL COMMENT '╨б╤Б╤Л╨╗╨║╨░ ╨╜╨░ ╨┐╨╛╨╗╤Г╤З╨░╤В╨╡╨╗╤П ╨┐╤А╨╕╨│╨╗╨░╤И╨╡╨╜╨╕╤П ╨┤╤А╤Г╨╢╨╕╤В╤М',
  `friendship_status_id` int unsigned NOT NULL COMMENT '╨б╤Б╤Л╨╗╨║╨░ ╨╜╨░ ╤Б╤В╨░╤В╤Г╤Б (╤В╨╡╨║╤Г╤Й╨╡╨╡ ╤Б╨╛╤Б╤В╨╛╤П╨╜╨╕╨╡) ╨╛╤В╨╜╨╛╤И╨╡╨╜╨╕╨╣',
  `requested_at` datetime DEFAULT CURRENT_TIMESTAMP COMMENT '╨Т╤А╨╡╨╝╤П ╨╛╤В╨┐╤А╨░╨▓╨╗╨╡╨╜╨╕╤П ╨┐╤А╨╕╨│╨╗╨░╤И╨╡╨╜╨╕╤П ╨┤╤А╤Г╨╢╨╕╤В╤М',
  `confirmed_at` datetime DEFAULT NULL COMMENT '╨Т╤А╨╡╨╝╤П ╨┐╨╛╨┤╤В╨▓╨╡╤А╨╢╨┤╨╡╨╜╨╕╤П ╨┐╤А╨╕╨│╨╗╨░╤И╨╡╨╜╨╕╤П',
  `created_at` datetime DEFAULT CURRENT_TIMESTAMP COMMENT '╨Т╤А╨╡╨╝╤П ╤Б╨╛╨╖╨┤╨░╨╜╨╕╤П ╤Б╤В╤А╨╛╨║╨╕',
  `updated_at` datetime DEFAULT CURRENT_TIMESTAMP ON UPDATE CURRENT_TIMESTAMP COMMENT '╨Т╤А╨╡╨╝╤П ╨╛╨▒╨╜╨╛╨▓╨╗╨╡╨╜╨╕╤П ╤Б╤В╤А╨╛╨║╨╕',
  PRIMARY KEY (`user_id`,`friend_id`) COMMENT '╨б╨╛╤Б╤В╨░╨▓╨╜╨╛╨╣ ╨┐╨╡╤А╨▓╨╕╤З╨╜╤Л╨╣ ╨║╨╗╤О╤З'
) ENGINE=InnoDB DEFAULT CHARSET=utf8mb4 COLLATE=utf8mb4_unicode_ci COMMENT='╨в╨░╨▒╨╗╨╕╤Ж╨░ ╨┤╤А╤Г╨╢╨▒╤Л';
/*!40101 SET character_set_client = @saved_cs_client */;

--
-- Dumping data for table `friendship`
--

LOCK TABLES `friendship` WRITE;
/*!40000 ALTER TABLE `friendship` DISABLE KEYS */;
INSERT INTO `friendship` VALUES (1,1,1,'1998-10-09 10:32:18','1974-11-28 11:26:26','2006-08-05 11:37:10','1974-09-07 22:08:30'),(2,2,2,'2006-04-12 00:08:10','1970-02-24 20:05:29','2000-11-08 16:58:57','1992-03-01 05:08:10'),(3,3,3,'1980-08-12 22:44:34','1991-09-19 11:31:21','1993-11-26 15:03:08','1986-09-17 22:14:07'),(4,4,4,'1972-09-12 05:19:48','2015-02-06 03:50:32','2020-05-18 09:49:29','2001-02-15 23:24:17'),(5,5,5,'1971-12-04 01:51:37','1999-07-05 03:57:21','1994-11-24 11:00:54','2008-08-21 02:52:08'),(6,6,6,'1999-12-22 18:14:10','2017-10-15 17:44:26','1980-12-05 08:08:39','2018-04-09 19:23:56'),(7,7,7,'1975-09-01 04:23:30','1989-09-25 14:32:17','1991-09-05 09:10:18','2016-10-04 14:54:00'),(8,8,8,'2001-01-16 17:33:04','2010-01-15 23:09:20','1995-07-01 02:11:33','1980-08-15 05:13:30'),(9,9,9,'1993-08-17 06:35:39','1991-10-19 18:21:12','2007-11-30 15:05:48','1987-06-13 17:43:58'),(10,10,10,'2016-01-04 03:32:42','1993-10-22 21:32:19','2015-03-19 17:03:27','2012-10-12 09:51:20'),(11,11,11,'1987-10-29 02:28:06','1995-07-05 04:23:12','2000-11-07 02:40:24','1979-11-04 08:35:50'),(12,12,12,'1970-04-27 10:52:51','1993-06-20 06:50:17','1986-05-19 07:14:10','1980-12-15 21:58:47'),(13,13,13,'1979-01-29 18:23:29','1993-03-13 17:41:37','1979-02-16 07:15:40','2016-01-28 00:23:54'),(14,14,14,'2019-10-29 19:46:42','1997-08-26 04:30:48','2018-09-28 00:06:52','2016-05-30 13:58:17'),(15,15,15,'1970-12-31 13:50:19','2012-11-18 03:02:43','2002-08-27 07:48:28','1974-04-03 09:10:00'),(16,16,16,'2007-02-10 15:08:14','2004-02-23 08:58:48','1979-06-08 19:20:16','1994-02-08 01:41:05'),(17,17,17,'2019-10-07 22:13:57','1985-06-18 10:10:56','2000-10-16 21:06:17','1995-08-08 03:33:18'),(18,18,18,'1992-07-03 21:04:54','2006-03-23 11:57:06','1981-08-23 15:08:55','1979-02-01 09:15:55'),(19,19,19,'1987-05-30 23:48:47','1989-08-28 19:09:50','1988-01-10 19:46:38','2010-08-15 02:30:38'),(20,20,20,'1976-04-21 13:25:29','2019-05-03 15:55:49','1973-05-04 02:35:09','1991-03-13 22:02:27'),(21,21,21,'2002-07-18 03:50:51','2008-03-16 00:14:17','2020-03-02 12:47:42','2004-07-11 04:27:41'),(22,22,22,'2009-09-10 09:35:39','1997-10-30 11:10:32','2001-08-27 12:10:02','1992-08-22 08:36:30'),(23,23,23,'1991-12-07 09:48:43','1981-05-03 11:53:57','1991-03-31 17:12:35','1978-08-23 07:45:51'),(24,24,24,'1998-12-04 05:52:36','2012-03-19 11:34:50','1976-07-12 22:30:56','1978-05-06 15:06:34'),(25,25,25,'1976-12-26 06:41:41','1981-01-16 12:48:18','1970-06-27 22:31:39','2000-11-15 00:13:03'),(26,26,26,'1970-03-20 17:22:40','2006-07-11 10:47:45','2006-04-05 15:49:52','1987-03-09 06:22:11'),(27,27,27,'2013-08-26 11:46:18','1988-05-11 23:51:41','1971-05-30 11:45:19','2011-10-08 08:51:42'),(28,28,28,'1972-02-15 17:05:23','2001-08-12 17:01:50','2002-04-22 10:13:34','2011-01-14 14:38:55'),(29,29,29,'2004-06-01 00:17:34','2005-01-29 05:07:09','1970-11-20 02:11:00','2005-10-25 13:28:21'),(30,30,30,'2007-12-24 05:22:19','1988-01-10 19:14:16','1980-02-05 02:42:21','1985-05-22 13:42:55'),(31,31,31,'1970-01-06 20:11:20','2006-12-11 22:42:46','1981-05-13 03:49:29','2015-12-24 16:23:34'),(32,32,32,'1988-03-05 23:06:48','1999-06-12 09:36:59','1976-12-02 03:12:33','2005-02-25 22:58:38'),(33,33,33,'1985-03-04 03:34:46','1987-08-03 17:12:39','1981-06-02 08:07:40','2018-10-13 11:20:56'),(34,34,34,'1975-01-05 17:26:15','1997-12-06 02:57:04','1998-03-20 15:29:45','1977-05-22 22:24:45'),(35,35,35,'1977-11-24 18:25:32','1986-09-14 02:24:46','1996-08-15 06:28:47','2012-06-21 16:38:01'),(36,36,36,'1985-06-19 07:41:45','2014-06-27 14:31:03','1984-01-01 23:59:21','1990-02-13 18:16:33'),(37,37,37,'1985-09-17 12:30:30','1990-05-28 08:24:42','2019-10-01 01:13:11','1991-01-19 09:27:48'),(38,38,38,'2018-01-04 05:06:30','1979-08-21 11:55:56','2009-12-07 22:51:38','1980-08-24 10:34:30'),(39,39,39,'1974-06-06 18:58:57','2010-09-09 09:16:41','2006-12-24 21:57:02','1989-10-14 23:25:05'),(40,40,40,'1999-11-27 02:23:45','2000-09-09 16:38:40','1972-11-01 01:20:50','2012-07-09 12:55:29'),(41,41,41,'1990-08-30 21:28:41','1980-12-20 04:36:21','2020-04-14 01:29:16','1985-10-20 00:22:27'),(42,42,42,'2015-06-06 15:19:00','1971-02-27 19:29:12','1998-08-01 04:48:58','2014-10-08 00:19:40'),(43,43,43,'2011-03-09 02:09:07','1985-03-07 05:14:57','1980-01-16 12:13:28','1996-03-24 20:23:41'),(44,44,44,'1987-04-26 04:50:52','1977-04-03 20:31:48','1988-05-20 00:43:42','2008-06-04 11:19:11'),(45,45,45,'2003-11-08 04:44:55','1978-07-19 16:04:21','1978-07-26 08:17:47','2006-06-28 03:47:14'),(46,46,46,'2004-01-26 02:44:11','2012-03-07 05:55:16','1985-11-28 00:43:52','2001-01-31 21:51:15'),(47,47,47,'1988-01-10 10:18:45','2011-03-09 02:24:13','1999-09-08 13:22:04','1990-04-02 13:05:53'),(48,48,48,'1977-05-17 05:49:32','2003-08-13 02:07:30','1977-10-28 10:02:46','1982-01-05 13:09:53'),(49,49,49,'2005-04-13 06:26:10','2010-02-10 06:23:43','2000-08-30 14:32:49','1986-11-28 21:36:59'),(50,50,50,'1975-01-23 13:50:25','1991-02-16 06:22:42','1989-03-30 12:36:01','1980-11-28 17:55:29'),(51,51,51,'2008-07-03 12:44:49','1978-12-29 14:46:41','1978-07-09 06:32:43','1992-11-17 06:32:26'),(52,52,52,'1998-02-01 14:04:19','1984-06-09 05:26:33','2006-08-13 06:17:35','1998-09-23 15:35:27'),(53,53,53,'2008-02-23 13:34:04','2004-10-07 01:05:56','2003-01-23 10:52:08','2000-05-18 09:51:56'),(54,54,54,'1972-01-05 22:24:02','1993-06-28 01:44:08','1983-04-27 13:57:08','2012-01-23 09:44:49'),(55,55,55,'1980-05-14 07:41:23','1996-08-07 23:18:54','2007-10-03 18:24:24','2018-01-03 01:29:23'),(56,56,56,'2003-08-01 22:28:40','1991-10-11 18:54:16','1998-07-20 09:34:33','2014-10-13 02:53:48'),(57,57,57,'2021-01-10 12:14:44','1988-01-25 20:12:30','2019-08-21 10:03:41','2010-09-24 18:07:06'),(58,58,58,'1981-01-13 00:17:42','1981-02-02 11:01:08','1998-08-30 15:35:03','1970-01-18 17:20:24'),(59,59,59,'1973-07-14 17:34:38','1996-07-06 14:46:51','1972-07-20 18:43:08','2009-12-19 01:37:07'),(60,60,60,'1971-09-12 20:55:37','1985-06-11 12:38:31','1993-07-04 12:30:51','1974-04-22 04:14:40'),(61,61,61,'1988-12-20 13:19:11','1973-02-01 01:50:13','2014-06-03 21:49:05','2012-06-05 06:06:14'),(62,62,62,'1979-04-05 03:32:03','2012-09-12 22:42:33','2004-05-14 16:04:46','2000-08-20 10:03:18'),(63,63,63,'2001-05-09 06:27:39','2007-08-06 03:59:32','1976-02-02 18:12:51','1988-09-20 23:49:33'),(64,64,64,'2003-07-06 07:01:10','2019-07-25 00:11:04','1990-06-09 13:51:58','2010-02-02 04:48:14'),(65,65,65,'1985-10-27 21:20:06','2006-01-21 21:43:55','1977-09-27 18:50:02','1977-04-28 08:35:06'),(66,66,66,'2016-06-21 17:27:45','1971-07-22 15:53:49','2003-12-29 18:54:48','2013-08-18 07:57:17'),(67,67,67,'1995-03-23 17:26:22','1988-05-24 21:39:00','1996-01-06 01:06:47','2010-01-15 20:57:19'),(68,68,68,'1979-10-28 18:44:43','1970-08-04 05:28:47','2021-01-02 23:29:47','1997-03-24 15:33:33'),(69,69,69,'1982-12-24 03:00:05','2016-10-01 20:50:11','1985-04-07 20:39:33','2014-05-02 18:53:04'),(70,70,70,'1982-06-07 00:15:03','1984-02-18 01:27:33','1973-08-23 00:26:51','1980-01-07 03:06:18'),(71,71,71,'2001-08-17 09:31:37','2001-01-09 15:12:08','2010-11-08 12:39:03','2017-04-05 12:25:40'),(72,72,72,'1977-06-13 21:19:50','2020-10-25 18:38:38','2004-03-30 04:31:45','2000-07-07 23:06:01'),(73,73,73,'1976-06-12 20:59:04','2008-01-26 10:47:42','1996-10-02 05:58:53','1994-04-01 21:20:31'),(74,74,74,'2019-02-28 03:11:53','1994-07-22 18:04:12','1990-01-26 11:14:29','1999-06-17 01:46:34'),(75,75,75,'1983-12-21 08:39:30','1977-09-06 05:22:45','2018-06-24 06:08:37','1976-07-14 14:49:58'),(76,76,76,'1975-12-28 12:50:03','2015-07-03 05:42:15','1996-08-10 01:36:10','1991-07-23 11:54:00'),(77,77,77,'1995-02-05 17:21:32','2014-02-04 22:56:20','1976-09-11 23:18:53','2000-02-15 22:06:51'),(78,78,78,'1992-09-08 21:37:37','2005-11-13 08:49:55','1979-08-03 02:59:07','2001-09-07 18:21:39'),(79,79,79,'2015-01-10 14:13:44','1972-04-08 22:31:15','1981-10-20 04:57:07','1989-11-26 05:12:54'),(80,80,80,'1997-02-23 15:30:26','2005-01-21 04:23:48','2016-05-09 20:30:30','1980-06-14 16:01:48'),(81,81,81,'2019-10-13 11:05:56','1997-08-20 14:12:39','1994-04-06 23:00:11','2008-06-19 23:44:48'),(82,82,82,'2020-08-05 22:54:08','2014-08-10 09:19:04','1988-12-09 00:16:46','2010-08-20 06:57:51'),(83,83,83,'1996-12-10 07:08:08','1970-11-07 04:24:16','1977-04-14 10:11:07','1985-08-28 01:12:41'),(84,84,84,'1981-06-27 10:05:44','1998-01-31 03:46:41','2008-07-29 15:32:26','1990-06-21 09:23:04'),(85,85,85,'1988-12-11 01:31:44','2015-02-27 18:13:56','1974-06-15 00:59:27','1998-12-04 17:16:12'),(86,86,86,'1973-12-15 19:19:05','2007-03-24 07:57:50','2018-12-24 11:07:05','1983-02-22 13:06:34'),(87,87,87,'2003-08-22 14:24:32','1990-03-07 01:42:32','1976-09-20 07:39:12','1995-10-30 12:22:56'),(88,88,88,'1982-11-03 04:04:10','1978-12-28 12:49:24','1994-03-31 16:38:55','1998-03-18 16:19:45'),(89,89,89,'1979-11-12 10:59:38','1980-06-04 13:44:48','1977-04-26 11:32:34','1991-08-30 00:36:46'),(90,90,90,'2013-10-20 01:31:26','1983-03-15 01:48:38','1990-01-17 03:16:43','2015-06-20 01:43:13'),(91,91,91,'2008-01-19 15:23:56','2015-10-13 11:02:42','2013-06-20 16:12:48','2015-12-18 05:03:42'),(92,92,92,'2001-07-24 06:39:51','2014-01-03 07:51:44','2006-01-14 23:54:59','1992-12-30 12:55:57'),(93,93,93,'2004-01-12 18:47:47','1995-07-18 15:53:21','2014-04-15 23:52:46','2001-03-11 15:13:52'),(94,94,94,'2004-08-15 15:12:23','2015-12-16 14:29:01','1989-01-22 11:15:25','2006-05-10 03:35:00'),(95,95,95,'1971-10-14 06:02:19','2013-10-27 08:14:53','1996-03-30 13:54:30','1988-03-21 06:54:37'),(96,96,96,'2012-11-26 08:36:01','1998-12-10 10:23:19','1983-10-12 21:14:15','1970-11-19 03:39:23'),(97,97,97,'1972-09-20 14:06:18','1983-03-13 09:45:43','1970-08-23 12:25:32','1982-08-03 14:06:03'),(98,98,98,'2002-10-30 01:24:43','2001-03-04 00:16:40','1994-08-04 19:03:38','1986-10-08 14:32:36'),(99,99,99,'2015-04-29 11:27:44','1997-06-06 23:32:48','1973-06-18 17:13:46','2000-03-13 05:42:38'),(100,100,100,'2014-02-04 18:27:04','1970-05-04 18:34:20','2010-03-15 21:26:07','1981-01-30 23:48:21');
/*!40000 ALTER TABLE `friendship` ENABLE KEYS */;
UNLOCK TABLES;

--
-- Table structure for table `friendship_statuses`
--

DROP TABLE IF EXISTS `friendship_statuses`;
/*!40101 SET @saved_cs_client     = @@character_set_client */;
/*!50503 SET character_set_client = utf8mb4 */;
CREATE TABLE `friendship_statuses` (
  `id` int unsigned NOT NULL AUTO_INCREMENT COMMENT '╨Ш╨┤╨╡╨╜╤В╨╕╤Д╨╕╨║╨░╤В╨╛╤А ╤Б╤В╤А╨╛╨║╨╕',
  `name` varchar(150) CHARACTER SET utf8mb4 COLLATE utf8mb4_unicode_ci NOT NULL COMMENT '╨Э╨░╨╖╨▓╨░╨╜╨╕╨╡ ╤Б╤В╨░╤В╤Г╤Б╨░',
  `created_at` datetime DEFAULT CURRENT_TIMESTAMP COMMENT '╨Т╤А╨╡╨╝╤П ╤Б╨╛╨╖╨┤╨░╨╜╨╕╤П ╤Б╤В╤А╨╛╨║╨╕',
  `updated_at` datetime DEFAULT CURRENT_TIMESTAMP ON UPDATE CURRENT_TIMESTAMP COMMENT '╨Т╤А╨╡╨╝╤П ╨╛╨▒╨╜╨╛╨▓╨╗╨╡╨╜╨╕╤П ╤Б╤В╤А╨╛╨║╨╕',
  PRIMARY KEY (`id`),
  UNIQUE KEY `name` (`name`)
) ENGINE=InnoDB AUTO_INCREMENT=101 DEFAULT CHARSET=utf8mb4 COLLATE=utf8mb4_unicode_ci COMMENT='╨б╤В╨░╤В╤Г╤Б╤Л ╨┤╤А╤Г╨╢╨▒╤Л';
/*!40101 SET character_set_client = @saved_cs_client */;

--
-- Dumping data for table `friendship_statuses`
--

LOCK TABLES `friendship_statuses` WRITE;
/*!40000 ALTER TABLE `friendship_statuses` DISABLE KEYS */;
INSERT INTO `friendship_statuses` VALUES (1,'a','2021-01-26 04:00:47','2013-11-09 06:21:49'),(2,'omnis','2017-10-01 23:37:42','2016-05-27 13:34:56'),(3,'eos','2015-03-21 20:28:12','2013-10-17 08:59:56'),(4,'possimus','2011-09-25 09:58:07','2018-08-17 15:39:24'),(5,'fugit','2014-01-12 16:35:30','2016-02-22 07:07:06'),(6,'debitis','2013-02-27 12:19:00','2013-03-05 04:02:30'),(7,'iste','2013-04-03 07:39:07','2020-07-21 10:47:09'),(8,'quam','2019-08-02 11:22:01','2019-09-03 23:38:44'),(9,'ipsam','2012-02-29 21:10:22','2019-02-21 19:46:53'),(10,'quasi','2014-04-28 01:14:45','2019-07-30 12:49:33'),(11,'nobis','2017-06-27 17:24:12','2019-05-14 08:41:56'),(12,'sunt','2021-01-15 06:07:39','2012-04-18 08:29:50'),(13,'vitae','2013-10-26 05:17:12','2015-05-21 01:00:06'),(14,'officiis','2011-09-04 05:00:27','2017-10-21 21:08:31'),(15,'qui','2017-10-15 04:32:31','2014-01-03 06:46:56'),(16,'ipsa','2012-09-23 11:12:38','2014-03-14 20:24:40'),(17,'cupiditate','2018-02-05 09:06:20','2020-09-18 21:59:36'),(18,'tenetur','2019-01-14 21:45:27','2020-05-22 10:03:24'),(19,'voluptas','2018-04-23 15:28:32','2013-11-28 02:18:31'),(20,'sed','2021-02-06 05:03:28','2015-08-01 00:00:01'),(21,'facere','2012-05-27 21:15:58','2015-01-30 14:28:17'),(22,'ut','2017-10-12 15:09:19','2017-09-24 07:03:30'),(23,'blanditiis','2013-08-13 12:53:53','2019-01-03 20:21:57'),(24,'nihil','2018-03-11 16:02:34','2017-03-13 22:01:54'),(25,'est','2020-07-01 09:04:50','2019-04-17 13:29:48'),(26,'corporis','2015-07-13 04:32:04','2013-02-17 02:46:32'),(27,'dolorem','2019-09-25 08:38:48','2011-03-30 09:18:54'),(28,'odit','2013-11-28 11:34:40','2012-02-18 08:23:46'),(29,'aut','2018-08-31 17:19:52','2012-07-27 19:11:44'),(30,'consectetur','2013-04-20 15:53:29','2015-07-25 14:03:30'),(31,'nulla','2011-07-17 11:20:40','2019-10-31 18:15:22'),(32,'neque','2018-12-24 23:55:47','2019-08-19 14:16:49'),(33,'eaque','2013-12-08 05:46:54','2012-09-09 03:20:24'),(34,'autem','2020-05-03 23:45:39','2015-04-16 17:18:08'),(35,'culpa','2015-02-27 14:32:59','2014-05-28 13:55:00'),(36,'iusto','2015-06-23 09:36:25','2017-04-19 02:43:06'),(37,'sint','2017-08-22 19:09:24','2012-01-20 23:30:54'),(38,'voluptates','2012-12-26 06:38:10','2013-07-28 03:38:41'),(39,'rem','2013-08-19 09:34:30','2014-02-25 02:08:38'),(40,'quaerat','2019-03-23 20:32:33','2014-06-30 08:50:40'),(41,'ex','2016-04-20 17:16:28','2015-12-05 04:16:01'),(42,'id','2020-03-19 17:21:05','2019-06-18 20:30:50'),(43,'quas','2019-11-03 15:36:38','2017-12-12 07:41:38'),(44,'illo','2016-11-05 08:48:02','2015-02-22 20:41:03'),(45,'sequi','2015-09-25 14:28:48','2014-01-05 11:10:44'),(46,'cum','2014-08-27 04:20:24','2016-12-05 08:25:22'),(47,'eum','2018-08-13 19:44:47','2014-11-25 09:20:47'),(48,'fuga','2016-01-10 16:46:30','2011-11-18 05:37:05'),(49,'error','2016-10-21 04:03:39','2011-12-19 17:23:39'),(50,'voluptatem','2013-10-16 00:38:55','2012-11-10 23:03:47'),(51,'reiciendis','2012-05-15 03:07:57','2013-08-05 01:55:15'),(52,'similique','2013-01-24 02:35:14','2013-11-12 08:11:31'),(53,'repellat','2012-09-27 17:09:32','2015-02-13 07:18:30'),(54,'adipisci','2012-01-30 00:05:03','2018-09-30 12:37:21'),(55,'et','2011-09-13 00:10:16','2015-02-01 08:26:38'),(56,'deserunt','2011-05-03 00:04:14','2014-08-17 22:21:54'),(57,'inventore','2016-09-17 20:51:58','2015-12-28 03:14:18'),(58,'rerum','2019-07-10 14:30:59','2015-11-16 21:38:55'),(59,'commodi','2017-12-28 19:43:01','2012-11-02 02:19:25'),(60,'eius','2018-06-16 22:38:10','2011-05-16 21:13:22'),(61,'in','2018-06-14 02:52:15','2017-01-21 12:39:41'),(62,'animi','2013-11-28 23:59:53','2014-01-06 12:46:12'),(63,'enim','2017-01-10 09:05:58','2021-01-19 19:37:17'),(64,'doloremque','2019-01-15 03:14:36','2012-08-21 20:48:41'),(65,'ducimus','2011-12-05 01:09:24','2019-12-08 05:41:41'),(66,'eligendi','2020-02-07 08:00:15','2012-03-12 13:31:58'),(67,'atque','2013-09-10 23:30:53','2016-05-22 16:52:18'),(68,'perspiciatis','2012-08-03 18:06:16','2015-09-11 01:04:29'),(69,'molestiae','2011-04-11 19:04:44','2017-04-04 12:09:32'),(70,'saepe','2012-12-09 05:48:21','2018-02-07 09:39:27'),(71,'voluptatum','2018-09-14 20:02:12','2018-04-11 19:58:04'),(72,'expedita','2015-10-29 14:28:14','2012-10-17 00:41:37'),(73,'ad','2015-12-22 15:18:09','2020-12-01 07:59:13'),(74,'delectus','2016-04-09 11:46:47','2011-12-16 14:51:01'),(75,'eveniet','2021-01-04 20:26:36','2019-07-12 05:09:26'),(76,'reprehenderit','2016-04-02 00:21:38','2020-08-24 19:02:00'),(77,'vero','2018-02-05 11:16:39','2020-10-11 14:57:02'),(78,'ea','2015-07-06 01:37:50','2013-01-07 08:36:10'),(79,'quia','2019-12-01 18:27:16','2018-06-02 17:04:47'),(80,'illum','2012-03-27 17:48:50','2013-01-26 14:20:16'),(81,'maiores','2014-06-21 09:15:04','2013-05-06 14:36:54'),(82,'impedit','2020-07-24 18:39:16','2019-08-05 21:52:57'),(83,'architecto','2019-08-09 15:45:08','2020-12-06 18:24:38'),(84,'asperiores','2015-05-13 20:13:27','2012-07-13 20:05:06'),(85,'voluptate','2013-11-24 03:19:20','2013-10-29 15:39:14'),(86,'excepturi','2015-12-28 09:27:18','2012-05-11 16:32:35'),(87,'nam','2015-05-28 21:12:16','2020-09-09 01:49:20'),(88,'quod','2020-11-03 13:29:37','2020-04-17 07:55:29'),(89,'at','2020-04-08 05:18:50','2015-11-29 11:38:28'),(90,'explicabo','2018-12-02 20:05:57','2014-04-19 03:22:35'),(91,'praesentium','2014-08-28 11:45:11','2020-07-14 22:50:04'),(92,'porro','2013-01-29 17:29:24','2018-04-09 14:27:06'),(93,'magnam','2017-11-17 11:13:39','2017-06-24 05:33:58'),(94,'aliquid','2018-12-22 16:39:07','2019-10-21 09:27:15'),(95,'repudiandae','2015-05-16 01:45:35','2014-02-15 22:52:48'),(96,'molestias','2016-05-17 19:07:41','2018-07-18 07:17:10'),(97,'vel','2019-08-20 05:35:44','2017-10-26 05:23:48'),(98,'labore','2017-02-10 14:11:17','2019-12-14 16:48:46'),(99,'unde','2011-07-07 20:18:11','2015-09-12 13:33:46'),(100,'suscipit','2012-09-10 11:34:26','2017-07-13 18:59:18');
/*!40000 ALTER TABLE `friendship_statuses` ENABLE KEYS */;
UNLOCK TABLES;

--
-- Table structure for table `media`
--

DROP TABLE IF EXISTS `media`;
/*!40101 SET @saved_cs_client     = @@character_set_client */;
/*!50503 SET character_set_client = utf8mb4 */;
CREATE TABLE `media` (
  `id` int unsigned NOT NULL AUTO_INCREMENT COMMENT '╨Ш╨┤╨╡╨╜╤В╨╕╤Д╨╕╨║╨░╤В╨╛╤А ╤Б╤В╤А╨╛╨║╨╕',
  `user_id` int unsigned NOT NULL COMMENT '╨б╤Б╤Л╨╗╨║╨░ ╨╜╨░ ╨┐╨╛╨╗╤М╨╖╨╛╨▓╨░╤В╨╡╨╗╤П, ╨║╨╛╤В╨╛╤А╤Л╨╣ ╨╖╨░╨│╤А╤Г╨╖╨╕╨╗ ╤Д╨░╨╣╨╗',
  `filename` varchar(255) CHARACTER SET utf8mb4 COLLATE utf8mb4_unicode_ci NOT NULL COMMENT '╨Я╤Г╤В╤М ╨║ ╤Д╨░╨╣╨╗╤Г',
  `size` int NOT NULL COMMENT '╨а╨░╨╖╨╝╨╡╤А ╤Д╨░╨╣╨╗╨░',
  `metadata` longtext CHARACTER SET utf8mb4 COLLATE utf8mb4_bin COMMENT '╨Ь╨╡╤В╨░╨┤╨░╨╜╨╜╤Л╨╡ ╤Д╨░╨╣╨╗╨░',
  `media_type_id` int unsigned NOT NULL COMMENT '╨б╤Б╤Л╨╗╨║╨░ ╨╜╨░ ╤В╨╕╨┐ ╨║╨╛╨╜╤В╨╡╨╜╤В╨░',
  `created_at` datetime DEFAULT CURRENT_TIMESTAMP COMMENT '╨Т╤А╨╡╨╝╤П ╤Б╨╛╨╖╨┤╨░╨╜╨╕╤П ╤Б╤В╤А╨╛╨║╨╕',
  `updated_at` datetime DEFAULT CURRENT_TIMESTAMP ON UPDATE CURRENT_TIMESTAMP COMMENT '╨Т╤А╨╡╨╝╤П ╨╛╨▒╨╜╨╛╨▓╨╗╨╡╨╜╨╕╤П ╤Б╤В╤А╨╛╨║╨╕',
  PRIMARY KEY (`id`),
  CONSTRAINT `media_chk_1` CHECK (json_valid(`metadata`))
) ENGINE=InnoDB DEFAULT CHARSET=utf8mb4 COLLATE=utf8mb4_unicode_ci COMMENT='╨Ь╨╡╨┤╨╕╨░╤Д╨░╨╣╨╗╤Л';
/*!40101 SET character_set_client = @saved_cs_client */;

--
-- Dumping data for table `media`
--

LOCK TABLES `media` WRITE;
/*!40000 ALTER TABLE `media` DISABLE KEYS */;
/*!40000 ALTER TABLE `media` ENABLE KEYS */;
UNLOCK TABLES;

--
-- Table structure for table `media_types`
--

DROP TABLE IF EXISTS `media_types`;
/*!40101 SET @saved_cs_client     = @@character_set_client */;
/*!50503 SET character_set_client = utf8mb4 */;
CREATE TABLE `media_types` (
  `id` int unsigned NOT NULL AUTO_INCREMENT COMMENT '╨Ш╨┤╨╡╨╜╤В╨╕╤Д╨╕╨║╨░╤В╨╛╤А ╤Б╤В╤А╨╛╨║╨╕',
  `name` varchar(255) CHARACTER SET utf8mb4 COLLATE utf8mb4_unicode_ci NOT NULL COMMENT '╨Э╨░╨╖╨▓╨░╨╜╨╕╨╡ ╤В╨╕╨┐╨░',
  `created_at` datetime DEFAULT CURRENT_TIMESTAMP COMMENT '╨Т╤А╨╡╨╝╤П ╤Б╨╛╨╖╨┤╨░╨╜╨╕╤П ╤Б╤В╤А╨╛╨║╨╕',
  `updated_at` datetime DEFAULT CURRENT_TIMESTAMP ON UPDATE CURRENT_TIMESTAMP COMMENT '╨Т╤А╨╡╨╝╤П ╨╛╨▒╨╜╨╛╨▓╨╗╨╡╨╜╨╕╤П ╤Б╤В╤А╨╛╨║╨╕',
  PRIMARY KEY (`id`),
  UNIQUE KEY `name` (`name`)
) ENGINE=InnoDB AUTO_INCREMENT=101 DEFAULT CHARSET=utf8mb4 COLLATE=utf8mb4_unicode_ci COMMENT='╨в╨╕╨┐╤Л ╨╝╨╡╨┤╨╕╨░╤Д╨░╨╣╨╗╨╛╨▓';
/*!40101 SET character_set_client = @saved_cs_client */;

--
-- Dumping data for table `media_types`
--

LOCK TABLES `media_types` WRITE;
/*!40000 ALTER TABLE `media_types` DISABLE KEYS */;
INSERT INTO `media_types` VALUES (1,'optio','2017-01-14 08:15:43','2013-12-28 07:26:29'),(2,'voluptatibus','2014-12-26 12:52:47','2018-09-02 03:28:17'),(3,'dolorem','2013-12-12 20:31:24','2018-02-10 03:43:12'),(4,'est','2012-02-26 22:34:40','2018-05-30 22:46:46'),(5,'incidunt','2020-08-17 12:03:03','2013-02-01 06:32:22'),(6,'dolores','2018-04-18 01:49:23','2015-10-09 13:50:24'),(7,'nulla','2020-01-19 13:37:57','2011-11-17 07:08:59'),(8,'ullam','2012-12-05 14:36:10','2016-04-03 12:06:45'),(9,'recusandae','2013-09-21 04:38:59','2019-07-04 16:00:41'),(10,'quas','2013-12-12 22:04:53','2013-11-02 14:44:13'),(11,'expedita','2013-09-03 19:15:00','2018-02-10 06:31:22'),(12,'inventore','2011-05-19 19:28:07','2017-01-10 13:38:57'),(13,'ut','2017-06-22 04:09:11','2020-03-14 23:22:38'),(14,'molestiae','2017-10-30 12:04:16','2017-01-22 20:04:02'),(15,'soluta','2012-08-13 00:12:50','2012-03-11 17:37:47'),(16,'eum','2020-02-24 12:36:02','2012-11-02 03:11:22'),(17,'qui','2011-06-11 00:52:28','2015-04-22 17:55:22'),(18,'dignissimos','2020-02-24 13:53:45','2017-09-05 13:53:39'),(19,'quo','2019-12-28 05:06:00','2018-09-29 08:35:40'),(20,'aut','2011-05-01 19:51:39','2012-07-11 00:21:16'),(21,'autem','2015-02-25 16:39:13','2019-01-31 15:13:59'),(22,'dolor','2020-07-01 05:59:11','2015-11-09 04:57:00'),(23,'sunt','2013-07-05 20:57:58','2015-07-19 21:57:52'),(24,'provident','2021-01-08 11:02:38','2017-01-26 16:22:16'),(25,'asperiores','2020-09-27 12:17:58','2013-10-29 14:40:21'),(26,'dicta','2011-05-27 05:38:28','2018-08-09 08:11:48'),(27,'iste','2016-05-16 21:28:36','2013-03-14 11:49:55'),(28,'rerum','2013-01-16 10:47:38','2012-08-25 12:37:56'),(29,'officiis','2018-04-20 13:32:05','2020-01-16 16:19:59'),(30,'porro','2015-08-01 22:21:41','2016-11-15 19:31:13'),(31,'voluptas','2011-07-22 12:23:00','2011-10-11 13:26:02'),(32,'voluptates','2015-02-24 18:58:32','2018-10-01 12:22:03'),(33,'aspernatur','2020-09-07 00:28:35','2020-08-23 00:15:16'),(34,'ea','2011-08-14 10:58:26','2015-11-27 21:04:51'),(35,'quia','2015-09-06 16:33:32','2014-05-29 01:28:30'),(36,'pariatur','2014-03-23 21:42:28','2019-07-29 07:33:50'),(37,'impedit','2014-07-17 21:44:23','2017-04-02 18:53:13'),(38,'cupiditate','2017-01-15 11:05:47','2013-10-22 20:51:48'),(39,'ad','2012-11-20 03:20:03','2015-12-24 08:48:47'),(40,'culpa','2020-06-27 13:33:51','2013-03-13 16:23:43'),(41,'veniam','2014-09-14 01:59:03','2019-07-07 18:07:04'),(42,'nisi','2016-09-30 04:46:46','2017-11-20 04:36:00'),(43,'reprehenderit','2014-08-31 20:15:54','2019-10-05 15:45:28'),(44,'rem','2017-11-21 16:13:40','2012-04-21 02:21:00'),(45,'sint','2020-07-03 04:49:20','2019-11-20 00:56:45'),(46,'similique','2014-09-17 10:17:05','2013-04-15 08:05:37'),(47,'corrupti','2020-12-28 18:46:49','2019-05-29 00:52:00'),(48,'id','2017-01-30 01:07:36','2017-05-02 07:48:04'),(49,'et','2016-07-11 00:08:59','2017-04-18 11:41:34'),(50,'at','2020-07-29 12:35:06','2021-02-08 12:40:09'),(51,'quod','2020-06-21 19:59:49','2015-01-20 19:00:23'),(52,'enim','2016-09-26 13:36:04','2015-11-15 07:38:42'),(53,'facere','2019-03-15 17:06:42','2013-12-11 07:34:01'),(54,'repellat','2014-06-19 02:44:31','2017-09-18 07:54:20'),(55,'sapiente','2016-02-14 04:49:25','2014-09-22 09:35:05'),(56,'voluptatem','2012-09-08 01:06:08','2016-05-17 23:42:24'),(57,'non','2012-05-19 09:28:27','2014-07-12 00:58:47'),(58,'maxime','2014-06-05 08:20:48','2017-03-31 05:33:08'),(59,'blanditiis','2011-05-07 18:40:55','2020-07-08 05:53:31'),(60,'magni','2020-09-06 17:07:10','2021-02-18 10:24:00'),(61,'minus','2017-07-10 23:38:10','2013-02-11 02:53:27'),(62,'nostrum','2014-07-21 03:15:22','2012-05-07 17:02:42'),(63,'consequatur','2015-10-19 19:48:53','2011-04-09 00:25:48'),(64,'omnis','2014-07-11 14:41:48','2012-08-12 07:45:01'),(65,'ex','2021-02-07 07:58:26','2017-06-21 06:34:31'),(66,'a','2018-06-29 07:23:21','2020-05-02 20:56:48'),(67,'sit','2015-08-24 07:50:34','2011-10-24 11:56:47'),(68,'quisquam','2019-09-12 03:49:47','2013-05-20 15:45:15'),(69,'assumenda','2018-09-22 04:42:57','2014-10-27 14:33:05'),(70,'unde','2013-06-16 10:06:39','2012-08-02 13:25:57'),(71,'aliquid','2019-12-15 20:13:14','2017-04-01 12:09:16'),(72,'debitis','2013-03-25 18:54:39','2015-12-26 14:28:34'),(73,'distinctio','2012-08-10 09:14:24','2015-04-09 01:31:53'),(74,'consequuntur','2012-01-01 20:37:35','2020-06-29 15:54:28'),(75,'aperiam','2011-08-29 22:29:07','2018-09-27 10:16:38'),(76,'atque','2019-01-14 08:52:11','2011-05-13 17:20:29'),(77,'voluptate','2018-02-09 15:42:34','2013-10-18 17:23:51'),(78,'itaque','2017-09-02 19:24:32','2012-01-24 01:57:45'),(79,'laborum','2016-08-30 08:11:36','2020-12-13 18:54:50'),(80,'nesciunt','2019-01-16 07:45:29','2013-07-22 14:40:39'),(81,'neque','2012-03-10 19:22:55','2016-09-21 18:34:54'),(82,'placeat','2016-09-16 01:45:07','2014-12-16 12:32:25'),(83,'sed','2015-10-06 06:56:30','2020-03-10 16:02:43'),(84,'eaque','2011-07-03 07:15:40','2016-09-19 14:29:30'),(85,'temporibus','2013-08-27 22:45:08','2012-09-18 21:00:17'),(86,'velit','2019-01-02 16:23:22','2017-02-07 21:18:57'),(87,'dolorum','2012-09-21 10:00:16','2012-07-22 13:13:28'),(88,'vel','2020-12-06 22:41:07','2012-03-17 07:41:45'),(89,'fugiat','2017-02-03 12:44:31','2019-03-30 08:15:10'),(90,'beatae','2015-12-12 00:07:49','2015-09-24 12:11:31'),(91,'vero','2012-09-28 01:28:49','2017-11-14 04:47:02'),(92,'totam','2020-03-26 17:17:22','2013-10-13 00:02:48'),(93,'suscipit','2011-08-27 07:05:51','2017-10-31 07:42:11'),(94,'praesentium','2015-01-16 01:52:53','2015-09-09 20:44:20'),(95,'esse','2020-04-14 06:50:49','2015-02-06 05:11:58'),(96,'cum','2013-04-06 15:08:34','2016-05-26 05:13:42'),(97,'repudiandae','2012-05-13 08:08:50','2015-07-10 23:28:49'),(98,'possimus','2013-03-20 15:27:57','2020-04-04 02:27:50'),(99,'cumque','2019-06-28 06:30:34','2012-03-19 06:28:21'),(100,'perferendis','2018-06-30 00:38:37','2017-06-29 10:09:47');
/*!40000 ALTER TABLE `media_types` ENABLE KEYS */;
UNLOCK TABLES;

--
-- Table structure for table `messages`
--

DROP TABLE IF EXISTS `messages`;
/*!40101 SET @saved_cs_client     = @@character_set_client */;
/*!50503 SET character_set_client = utf8mb4 */;
CREATE TABLE `messages` (
  `id` int unsigned NOT NULL AUTO_INCREMENT COMMENT '╨Ш╨┤╨╡╨╜╤В╨╕╤Д╨╕╨║╨░╤В╨╛╤А ╤Б╤В╤А╨╛╨║╨╕',
  `from_user_id` int unsigned NOT NULL COMMENT '╨б╤Б╤Л╨╗╨║╨░ ╨╜╨░ ╨╛╤В╨┐╤А╨░╨▓╨╕╤В╨╡╨╗╤П ╤Б╨╛╨╛╨▒╤Й╨╡╨╜╨╕╤П',
  `to_user_id` int unsigned NOT NULL COMMENT '╨б╤Б╤Л╨╗╨║╨░ ╨╜╨░ ╨┐╨╛╨╗╤Г╤З╨░╤В╨╡╨╗╤П ╤Б╨╛╨╛╨▒╤Й╨╡╨╜╨╕╤П',
  `body` text CHARACTER SET utf8mb4 COLLATE utf8mb4_unicode_ci NOT NULL COMMENT '╨в╨╡╨║╤Б╤В ╤Б╨╛╨╛╨▒╤Й╨╡╨╜╨╕╤П',
  `is_important` tinyint(1) DEFAULT NULL COMMENT '╨Я╤А╨╕╨╖╨╜╨░╨║ ╨▓╨░╨╢╨╜╨╛╤Б╤В╨╕',
  `is_delivered` tinyint(1) DEFAULT NULL COMMENT '╨Я╤А╨╕╨╖╨╜╨░╨║ ╨┤╨╛╤Б╤В╨░╨▓╨║╨╕',
  `created_at` datetime DEFAULT CURRENT_TIMESTAMP COMMENT '╨Т╤А╨╡╨╝╤П ╤Б╨╛╨╖╨┤╨░╨╜╨╕╤П ╤Б╤В╤А╨╛╨║╨╕',
  PRIMARY KEY (`id`)
) ENGINE=InnoDB AUTO_INCREMENT=101 DEFAULT CHARSET=utf8mb4 COLLATE=utf8mb4_unicode_ci COMMENT='╨б╨╛╨╛╨▒╤Й╨╡╨╜╨╕╤П';
/*!40101 SET character_set_client = @saved_cs_client */;

--
-- Dumping data for table `messages`
--

LOCK TABLES `messages` WRITE;
/*!40000 ALTER TABLE `messages` DISABLE KEYS */;
INSERT INTO `messages` VALUES (1,1,1,'Et quas est nostrum nulla ducimus placeat maiores. Reiciendis aliquam saepe consequuntur expedita numquam voluptatum. Praesentium nobis eius culpa pariatur harum et adipisci consequatur. Autem id temporibus sunt quaerat ut laborum doloremque ut.',0,1,'2017-12-30 13:38:26'),(2,2,2,'Voluptas velit molestiae dolor autem dolores voluptas quos. Ut optio officia et optio expedita. Laboriosam aut deserunt voluptatum voluptatem et quam dolorem ad. Et aliquam porro et provident iste eius facilis.',1,1,'2012-02-12 14:11:46'),(3,3,3,'Harum molestias quia dolore dicta quia voluptates. Distinctio illum molestiae voluptatem voluptas libero sed. Quo maiores impedit dignissimos dolorem.',1,0,'2014-12-21 23:48:05'),(4,4,4,'Minima et voluptatem omnis corporis. Suscipit nihil optio voluptates at. Aut quas dolorum harum aliquam aut quidem quia unde.',0,0,'2021-01-26 16:36:48'),(5,5,5,'Distinctio harum veniam perspiciatis odio aut. Est aperiam excepturi occaecati nisi eaque qui.',1,1,'2018-11-02 22:10:23'),(6,6,6,'Corrupti omnis mollitia in suscipit voluptatem ducimus. Eum nam eveniet ut. Ab iusto impedit placeat qui. Deleniti nihil quod placeat sit fuga et iure.',1,1,'2017-11-24 18:09:38'),(7,7,7,'Et magnam mollitia possimus ut praesentium ipsa ut. Ut voluptatibus ipsum veniam. Quibusdam est doloremque architecto est consequuntur qui quos.',0,1,'2020-01-14 00:14:25'),(8,8,8,'Vitae qui maiores sint enim quod. At id expedita iusto soluta. Sed cum inventore quasi numquam quia consequatur. Recusandae eius est minima sit accusamus qui.',0,0,'2019-07-08 12:40:01'),(9,9,9,'Expedita a optio est quo. Aliquid illum praesentium in. Esse dolor provident ipsam laudantium consectetur.',1,0,'2011-05-23 20:49:37'),(10,10,10,'Doloremque alias quos esse maxime quaerat omnis. Nihil qui eum nesciunt natus ullam nihil quibusdam. Dolorem accusamus eligendi molestias illum atque blanditiis iusto.',0,1,'2011-08-04 19:50:47'),(11,11,11,'Est ut vitae voluptatem est et est dolores quo. Delectus dolorum alias praesentium doloremque. Sed molestiae odio et quae. Modi animi in nulla natus adipisci odit sequi hic.',1,1,'2019-04-27 05:14:35'),(12,12,12,'Id illum sint esse sed. Quod nostrum at ut et. Excepturi fugiat labore ea ipsa. Ipsa totam accusamus ea et quaerat nihil blanditiis.',1,1,'2019-01-22 02:06:03'),(13,13,13,'Esse quia soluta quas. Mollitia aut tenetur dolores sit.',1,1,'2017-04-28 04:51:56'),(14,14,14,'Quidem quas voluptate similique voluptatem alias vero et. Esse aut voluptate sunt consectetur.',1,1,'2014-11-09 09:43:54'),(15,15,15,'Expedita accusantium deleniti sapiente et eveniet ipsa rerum est. Ut dolores libero ut impedit voluptas. Illum facilis aut pariatur dolorem. Odit impedit fugiat reiciendis vel ipsum.',0,0,'2015-12-28 21:37:01'),(16,16,16,'Magni quidem id nisi non aut at. Quidem aliquam magnam earum tempore quibusdam quos voluptatibus. Enim voluptatem sint praesentium exercitationem assumenda. Suscipit nihil id harum debitis.',1,1,'2019-03-22 06:22:08'),(17,17,17,'Ab animi eveniet saepe numquam rem doloribus. Ut qui est iste qui. Soluta quas est dolore optio non et et vitae.',0,0,'2016-07-12 12:51:23'),(18,18,18,'Pariatur ad nemo dolores asperiores laboriosam consequatur sit. Numquam ut explicabo reprehenderit quia dolores aliquid provident. Nobis quia corporis fugit est commodi est.',0,1,'2019-07-19 00:15:07'),(19,19,19,'Magnam aperiam modi architecto. Expedita sunt illum id debitis nam. Consectetur a ipsa ipsa nam.',1,0,'2018-04-30 15:23:26'),(20,20,20,'Velit nostrum culpa adipisci recusandae. Autem consectetur maxime et hic necessitatibus culpa repudiandae qui. Corporis neque in rem iure odio molestiae reiciendis animi. Et ut commodi corrupti dolorem ipsam sint maiores.',0,1,'2011-08-08 23:28:22'),(21,21,21,'Sit ut vel consequatur ut ipsa. At omnis dolor laudantium porro. Sunt in eius soluta provident sapiente voluptate quia.',0,1,'2018-04-26 23:07:31'),(22,22,22,'Voluptates cupiditate error provident atque quod magni quaerat. Eaque omnis pariatur quas quia. Minus in dolorem enim velit expedita fugiat enim.',1,0,'2012-05-18 03:34:52'),(23,23,23,'Nemo explicabo enim enim voluptatem. Aliquam ex vel dolor sit molestias possimus. Corrupti ratione asperiores placeat consequatur eos. Corrupti autem et voluptatem magnam.',1,1,'2020-03-12 02:13:47'),(24,24,24,'Consequatur dolor modi eos vel et et. Dolor et autem dignissimos alias eos. Eligendi labore cumque eligendi rerum.',1,1,'2013-02-17 23:01:31'),(25,25,25,'A sint et praesentium iste. Deserunt aliquam odio nesciunt quam ut. Incidunt impedit quidem sed sed saepe est eum.',1,1,'2017-06-10 18:15:45'),(26,26,26,'Repellat iste dignissimos ut expedita provident. Sit id et qui modi. Ab est ducimus eos ratione quia non facilis.',1,0,'2016-08-08 12:09:52'),(27,27,27,'Et et voluptates sapiente neque labore tempore. Animi atque est ut. Quia eaque aut soluta repudiandae. Unde vero ad nisi sint explicabo ad quos placeat.',0,0,'2015-06-15 21:41:18'),(28,28,28,'Eos corporis non id qui quod minus. Velit voluptatem perferendis ratione quas eveniet. Voluptatem voluptate expedita sint aut qui qui omnis.',1,1,'2016-05-21 22:31:26'),(29,29,29,'Commodi corporis architecto molestiae et sint asperiores quos repellat. Est dignissimos libero sapiente modi. Nam et explicabo possimus rerum. Deserunt eveniet impedit molestiae enim magnam culpa.',1,0,'2017-07-21 22:43:17'),(30,30,30,'Quidem exercitationem magni qui at non eaque. Sed maxime labore et sed quae. Ipsam quod iure ut asperiores. Omnis quod qui repudiandae maiores voluptas asperiores voluptatem est.',1,0,'2016-01-07 13:43:02'),(31,31,31,'Quia cupiditate optio dolorum et iure nemo sint nulla. Consequuntur inventore dolorem nihil iure tempora aut deserunt.',1,1,'2015-08-11 00:21:14'),(32,32,32,'Quae ducimus sint aperiam ducimus beatae consectetur. Qui quidem libero exercitationem sint. Cumque quas vero perferendis aliquid eum non dignissimos.',0,0,'2015-06-25 01:13:23'),(33,33,33,'Nihil voluptatem repellendus assumenda aliquam quidem. Officiis quia itaque tempora quod ratione nisi quod iure. Vel corporis et et. Magni iure saepe qui qui unde.',1,1,'2011-11-04 22:04:15'),(34,34,34,'Esse sit consequatur odit odio. Itaque vel quaerat qui minus. Voluptates qui delectus commodi ut necessitatibus. Eos facilis velit illo earum dignissimos.',0,0,'2011-04-17 06:11:55'),(35,35,35,'Aliquid mollitia molestiae cum. Omnis consequatur ratione velit corporis natus. Rem quae dolores earum illum quis temporibus quas.',1,0,'2015-08-24 17:49:07'),(36,36,36,'Cum nostrum ipsam esse et similique. Dolores harum placeat modi qui autem et. Corporis voluptatem est dignissimos consequatur quos quo.',1,0,'2016-05-05 05:45:52'),(37,37,37,'Quisquam voluptate blanditiis a consequatur ducimus fugit. Ut quasi assumenda ullam. Consequatur ut tempora nihil quis.',0,0,'2019-07-21 08:53:23'),(38,38,38,'Ab eaque tempora distinctio eveniet voluptate. Voluptatem architecto harum accusantium amet autem. Nihil corporis eveniet pariatur ipsum voluptate porro. Ad ratione eos explicabo nihil.',1,0,'2015-05-10 18:00:18'),(39,39,39,'Voluptas et amet error magni ea. Ullam voluptatem provident at qui perferendis culpa earum a.',1,1,'2015-12-31 05:25:00'),(40,40,40,'Iusto sed et quidem amet maxime dolor commodi. Sint est numquam commodi numquam corrupti assumenda laboriosam. Exercitationem id voluptatem cum laborum veniam qui fugiat qui. Consequatur voluptatibus consectetur iusto et sit voluptate.',0,0,'2014-10-21 21:42:59'),(41,41,41,'Tenetur omnis alias aut ut dignissimos ut et. Expedita molestias dolorum sint. Autem nisi nostrum vero et quia. Ut aliquam in aliquid facilis minima et illo dignissimos.',0,1,'2018-06-03 21:59:23'),(42,42,42,'Aperiam aliquid voluptate ab magni nam. Eum magni commodi aut in. Ipsam quibusdam eos autem et omnis. Provident ad temporibus ex enim dolores voluptatibus et.',1,0,'2019-05-08 03:12:38'),(43,43,43,'Voluptatem consectetur fugit aspernatur recusandae ut. Nihil et iste ex molestiae placeat aspernatur delectus non. Neque eius explicabo ea eius recusandae doloribus vel. Enim qui ab aut a doloremque tempora repudiandae.',0,0,'2018-02-28 13:43:18'),(44,44,44,'Eligendi laborum eaque deserunt quia a. Esse voluptate quia id facere. Fugit blanditiis saepe omnis qui atque consequatur. Doloremque voluptatem et quis laudantium est quia quae corrupti. Voluptatem sit est est possimus nihil.',1,1,'2019-04-04 03:41:07'),(45,45,45,'Quaerat qui ut sit iusto laborum natus quisquam praesentium. Hic consequatur sit et ab dolorum ratione. Quidem tenetur nobis sed inventore qui.',0,1,'2015-09-27 06:54:03'),(46,46,46,'Sapiente non sit consequatur iusto id eius. Natus aliquid quae laborum ipsa voluptate illo. Aliquam quia ullam quisquam pariatur ea qui expedita recusandae. Qui facere veritatis ab.',1,1,'2015-03-04 12:21:03'),(47,47,47,'Quae est et repellat consequatur reiciendis magnam. Fugit ea tempore magnam et. Molestiae praesentium quo corporis ipsum temporibus officia. Aut praesentium et vero harum corporis aperiam est.',0,0,'2012-08-12 03:37:40'),(48,48,48,'Qui amet dolores quisquam hic magnam unde. Et quisquam id id atque ut.',1,1,'2012-09-02 11:54:24'),(49,49,49,'Illo molestias eum cupiditate aut. Animi sint dignissimos odit eveniet. Quaerat ut assumenda voluptatem nobis. Aperiam velit quam illo.',1,0,'2014-01-01 17:03:22'),(50,50,50,'Incidunt iure voluptas vel eaque eligendi aspernatur totam. Et esse quia quia non quia. Repudiandae et porro eos esse et dicta similique. Repellendus non autem in delectus.',1,1,'2016-09-11 03:17:20'),(51,51,51,'Ducimus ea quis minus facere quo cum. Corrupti distinctio quaerat quo distinctio aut unde nihil. Atque ut eum ut animi.',1,0,'2011-09-27 11:16:33'),(52,52,52,'Deleniti repellendus possimus nihil sunt reiciendis suscipit eum dolores. Voluptatibus voluptatem repellat dolor sit ea animi atque ut. Adipisci eos id omnis id id soluta veritatis.',0,0,'2013-10-16 08:30:50'),(53,53,53,'Aut soluta et non dolore tempora modi. Ut earum ratione hic eius autem veritatis dignissimos. Fugit in et eaque pariatur et.',1,1,'2020-05-23 12:34:19'),(54,54,54,'Illum et est et similique accusantium nostrum. Dolores eaque in aut magni unde eius tempore optio. Fugit ratione voluptatem sit eius. Recusandae voluptas sunt odio ad. Laboriosam et corporis nihil cumque voluptatem in et.',0,1,'2015-08-15 08:41:17'),(55,55,55,'Magni modi excepturi aut quis veniam. Sapiente sit unde maxime. Cum et ab et perferendis voluptas reprehenderit sit.',0,1,'2018-04-30 07:13:26'),(56,56,56,'Ut non quia quo eum. Soluta veritatis dolor voluptatem totam quam eveniet quis. Non ullam nihil facilis qui totam. Magnam et illum excepturi a.',1,0,'2017-11-05 10:56:05'),(57,57,57,'Quis id corrupti rerum autem aliquam fuga et. Ullam voluptatem eum harum quis qui cum. Officiis illum voluptate quas. Aut exercitationem deserunt magni unde.',1,1,'2016-07-17 13:25:10'),(58,58,58,'Fugit exercitationem laboriosam et consectetur non id. Consequuntur laboriosam nisi est temporibus non qui minus. Aut molestias eum unde rem cum sunt. Rem delectus dicta animi quisquam porro voluptatem. Ratione porro quaerat autem placeat asperiores officiis ut.',0,1,'2020-06-29 14:38:29'),(59,59,59,'Accusamus commodi accusantium consequatur a rerum. Voluptatum aspernatur maxime alias debitis hic minima id. Qui est natus rerum voluptates id odit asperiores rerum.',1,0,'2012-04-11 19:48:20'),(60,60,60,'Aut impedit voluptatem doloremque iste. Nihil rerum sit earum officia voluptatum id. Et hic rerum explicabo sint quia officiis odio deserunt.',1,1,'2013-04-12 16:23:56'),(61,61,61,'Tenetur illo quod aliquam inventore saepe. Pariatur quia accusamus reiciendis. Quaerat sunt doloribus eos qui eum et. Voluptas aliquid dolor nam velit et esse mollitia.',0,1,'2015-02-08 16:56:58'),(62,62,62,'Tempora maxime velit perspiciatis porro occaecati consequatur harum illum. Vero ea earum totam animi.',1,0,'2014-11-07 17:30:19'),(63,63,63,'Quae architecto dolor voluptatibus culpa aut quas. Quasi facere velit iste nihil voluptatem. Voluptatum alias esse praesentium dolor aut quasi.',1,1,'2018-03-08 10:07:12'),(64,64,64,'Aut aut beatae tempore nam dolorem. Ad magni numquam voluptas et. Doloremque consequatur ipsam odio sint modi.',1,1,'2011-11-25 12:38:54'),(65,65,65,'Rerum saepe at qui inventore sed rerum aliquam nam. Consequuntur eius incidunt hic aut. Dignissimos ea ipsam repellendus omnis dolor ad rerum incidunt. Aperiam quibusdam quo et quod architecto quam molestiae.',1,0,'2017-05-26 18:32:35'),(66,66,66,'Neque reprehenderit ipsum pariatur eum. Corrupti beatae ut ea. Perspiciatis sit et aut. Omnis nulla dolorum nesciunt quo et nihil.',1,1,'2014-05-08 23:49:33'),(67,67,67,'Aut aut illo et assumenda explicabo similique. Sed nesciunt non vero est. Culpa eius natus sed.',0,0,'2015-04-07 05:08:30'),(68,68,68,'Cupiditate pariatur qui necessitatibus omnis esse est. Explicabo et sapiente eum est. Esse sed aut aut ducimus. Enim voluptate qui natus.',1,0,'2020-02-01 19:30:34'),(69,69,69,'Nihil reiciendis est aut officia commodi. Sit laboriosam possimus sit veritatis. Sequi iure quos quidem ut. Omnis perspiciatis laborum magnam.',0,1,'2017-11-28 13:54:20'),(70,70,70,'Et officiis dolorum magnam qui est mollitia facilis. Consequatur ut quae rerum ipsa provident dolorem sint. Consequatur deleniti et quisquam dolorem incidunt optio qui. Molestias sunt inventore accusamus recusandae quisquam cupiditate tenetur qui. Omnis quis enim dignissimos omnis.',1,1,'2015-10-31 01:16:15'),(71,71,71,'Dolorem pariatur sit fugit quae. Ut non illum et nihil odit adipisci. Inventore enim quaerat corporis sed et molestias omnis. Qui exercitationem quis hic tenetur corporis.',0,0,'2021-01-11 04:31:47'),(72,72,72,'Dolorem minima hic est tenetur aut. Molestiae et corporis voluptate cumque. Rerum quas illo at similique exercitationem autem harum quo.',1,1,'2014-11-30 21:37:48'),(73,73,73,'Inventore corporis velit fuga totam. Accusamus laboriosam sunt fugit sed repellendus. Incidunt quo ad est cupiditate consectetur natus natus. Quo nisi veritatis maxime vitae qui aperiam.',0,1,'2016-09-08 14:24:40'),(74,74,74,'Et hic saepe est quibusdam eos molestiae iusto. Ut quasi aut magnam itaque fugit distinctio. At inventore eligendi quae voluptatem et similique aut ea.',0,0,'2020-01-05 22:39:17'),(75,75,75,'Distinctio praesentium consequuntur iste rerum vitae doloremque. Repellendus sit nobis numquam voluptas et sunt odit. Totam qui quo similique et. Autem omnis velit rerum rerum fugiat totam rerum.',0,1,'2012-06-04 05:53:41'),(76,76,76,'Quo voluptate reiciendis velit et pariatur saepe quo. Nihil ad omnis sunt ut aut sint. Ea nisi qui fugit qui molestiae corporis. Id quisquam asperiores praesentium reprehenderit.',1,1,'2016-02-26 12:00:11'),(77,77,77,'Modi non enim possimus rerum consequatur est harum. Eos qui maiores sit qui temporibus omnis.',0,0,'2011-08-05 04:59:19'),(78,78,78,'Quas sit ut sit similique ea fuga et. Sunt ipsam soluta assumenda vero mollitia. Rerum enim nemo quam neque facilis corrupti id.',0,1,'2013-01-20 08:31:49'),(79,79,79,'Assumenda ipsa ipsam autem voluptate quisquam et ducimus. Tempore enim sed itaque voluptatem at. Qui sunt doloribus eligendi nihil dolorum rerum.',0,1,'2014-05-26 20:41:22'),(80,80,80,'Repellat nihil non unde molestiae expedita quidem veritatis. Eaque aut pariatur qui necessitatibus quos molestiae.',0,1,'2015-11-15 16:19:41'),(81,81,81,'Hic est dolorum sed aliquam perspiciatis id cum. Quia dolores molestiae nobis quam necessitatibus voluptates.',1,0,'2018-12-09 02:53:17'),(82,82,82,'Ipsum qui ab unde libero qui. Quia natus molestiae sed sed. Laudantium ut non ipsam itaque quas maxime pariatur.',1,1,'2016-04-25 21:55:12'),(83,83,83,'Alias qui at nisi nobis. Et optio iure veritatis eligendi minima et. Perferendis sit atque illo voluptatem consequuntur maxime inventore.',1,1,'2016-04-17 06:15:40'),(84,84,84,'Laudantium ex ut est earum itaque. Esse velit illo voluptas rerum aut. Ratione veritatis quibusdam quam qui. Eos sunt et molestiae adipisci.',0,0,'2020-08-20 10:54:16'),(85,85,85,'Amet non culpa eius ut. Dolore aut qui qui debitis ipsa. Impedit velit qui necessitatibus at rem. Neque ullam in praesentium assumenda dignissimos quia.',0,0,'2013-05-25 13:09:40'),(86,86,86,'Non aspernatur expedita fugit non. Error mollitia quas eum autem nihil ducimus. Rerum reprehenderit hic modi deleniti et omnis animi. Vel nulla numquam et reprehenderit. Ea eum nostrum facere omnis optio quia tenetur.',0,1,'2016-08-15 20:56:15'),(87,87,87,'Et consequatur amet voluptate itaque ex aut error. Fuga qui et qui qui non quidem ea. Adipisci voluptatibus placeat ipsa unde beatae.',1,0,'2012-09-01 16:37:32'),(88,88,88,'Recusandae explicabo quaerat vitae minus. Autem eaque dolores provident porro sit est commodi praesentium. Fugit delectus ut occaecati autem qui totam.',0,0,'2017-02-14 18:41:27'),(89,89,89,'Unde et nobis ex esse saepe sit. Aut nihil consequatur dolor quis fuga expedita. Qui ipsa aut quis non incidunt quo non. Pariatur qui ratione recusandae et possimus.',0,0,'2018-05-05 05:13:17'),(90,90,90,'Dolorem sed ipsam corrupti et rerum. Expedita provident sed omnis similique qui. Autem illum veritatis odio fugiat. Porro alias in quis hic reprehenderit enim.',1,1,'2020-12-22 12:35:04'),(91,91,91,'Neque minima excepturi a eos. Illum ducimus molestias veniam quis ut delectus. Quidem aliquam voluptatem architecto facere.',1,1,'2020-07-29 20:53:18'),(92,92,92,'Aliquam rerum cupiditate voluptas ipsum quaerat minus. Voluptatum magni provident aspernatur odio sunt.',0,0,'2016-06-05 06:15:53'),(93,93,93,'Sed occaecati aliquid voluptatum aut. Delectus nam sint aut aut voluptas laborum. Doloribus ab et corporis nostrum ea. Ratione est laboriosam quo ut.',1,1,'2019-07-03 14:53:24'),(94,94,94,'Fugiat maxime unde non cum voluptatem maxime a. Officia et dolores corrupti vel molestias eum assumenda. Est quia numquam non quo. Ducimus non nihil nemo sed voluptas possimus asperiores. Ducimus eos minus a eos fugit sit nihil consequatur.',0,1,'2018-11-14 21:47:19'),(95,95,95,'Qui voluptas dolorum aut ut sint ducimus in est. Doloribus nam officia illo corrupti sunt velit cum. Dolorem molestiae aut incidunt provident qui. Impedit ea aut rerum quia ut.',0,0,'2018-04-13 02:32:57'),(96,96,96,'Fugit est vero non quaerat nesciunt. Et non voluptas repellendus qui dignissimos dolores soluta. Fuga fugiat ratione et quidem reiciendis voluptates aut.',0,1,'2014-02-10 18:18:49'),(97,97,97,'Nostrum quos accusantium nemo magnam soluta. Facere aut expedita vero vero. Consequuntur sit itaque alias. Rerum temporibus quo enim unde.',0,1,'2013-12-13 17:25:11'),(98,98,98,'Debitis accusamus doloremque debitis at alias qui. Soluta expedita vero fuga nostrum sed id. Dolores dolor temporibus doloribus. Qui et blanditiis dignissimos et aliquid. Laboriosam quis unde voluptatem quae provident qui.',0,1,'2012-09-24 20:56:24'),(99,99,99,'Omnis eligendi et minus. Autem ipsam ut explicabo aut maxime libero iste. Eos et consequatur quae. Et aut harum sint deserunt ut ipsum quod.',1,0,'2015-01-11 00:57:13'),(100,100,100,'A voluptatum possimus consectetur quaerat. Rerum voluptas consequuntur similique magni. Sit repellendus qui quidem. Est vel omnis maiores error. Exercitationem exercitationem sed eum aliquid.',1,0,'2015-03-14 00:06:59');
/*!40000 ALTER TABLE `messages` ENABLE KEYS */;
UNLOCK TABLES;

--
-- Table structure for table `profiles`
--

DROP TABLE IF EXISTS `profiles`;
/*!40101 SET @saved_cs_client     = @@character_set_client */;
/*!50503 SET character_set_client = utf8mb4 */;
CREATE TABLE `profiles` (
  `user_id` int unsigned NOT NULL COMMENT '╨б╤Б╤Л╨╗╨║╨░ ╨╜╨░ ╨┐╨╛╨╗╤М╨╖╨╛╨▓╨░╤В╨╡╨╗╤П',
  `gender` char(1) CHARACTER SET utf8mb4 COLLATE utf8mb4_unicode_ci NOT NULL COMMENT '╨Я╨╛╨╗',
  `birthday` date DEFAULT NULL COMMENT '╨Ф╨░╤В╨░ ╤А╨╛╨╢╨┤╨╡╨╜╨╕╤П',
  `city` varchar(130) CHARACTER SET utf8mb4 COLLATE utf8mb4_unicode_ci DEFAULT NULL COMMENT '╨У╨╛╤А╨╛╨┤ ╨┐╤А╨╛╨╢╨╕╨▓╨░╨╜╨╕╤П',
  `country` varchar(130) CHARACTER SET utf8mb4 COLLATE utf8mb4_unicode_ci DEFAULT NULL COMMENT '╨б╤В╤А╨░╨╜╨░ ╨┐╤А╨╛╨╢╨╕╨▓╨░╨╜╨╕╤П',
  `last_login` datetime DEFAULT NULL COMMENT '╨Я╨╛╤Б╨╗╨╡╨┤╨╜╨╕╨╣ ╨▓╤Е╨╛╨┤ ╨▓ ╤Б╨╕╤Б╤В╨╡╨╝╤Г',
  `created_at` datetime DEFAULT CURRENT_TIMESTAMP COMMENT '╨Т╤А╨╡╨╝╤П ╤Б╨╛╨╖╨┤╨░╨╜╨╕╤П ╤Б╤В╤А╨╛╨║╨╕',
  `updated_at` datetime DEFAULT CURRENT_TIMESTAMP ON UPDATE CURRENT_TIMESTAMP COMMENT '╨Т╤А╨╡╨╝╤П ╨╛╨▒╨╜╨╛╨▓╨╗╨╡╨╜╨╕╤П ╤Б╤В╤А╨╛╨║╨╕',
  PRIMARY KEY (`user_id`)
) ENGINE=InnoDB DEFAULT CHARSET=utf8mb4 COLLATE=utf8mb4_unicode_ci COMMENT='╨Я╤А╨╛╤Д╨╕╨╗╨╕';
/*!40101 SET character_set_client = @saved_cs_client */;

--
-- Dumping data for table `profiles`
--

LOCK TABLES `profiles` WRITE;
/*!40000 ALTER TABLE `profiles` DISABLE KEYS */;
INSERT INTO `profiles` VALUES (1,'f','1996-07-14','Port Tristianport','Eritrea','2019-04-29 05:40:52','2018-04-26 00:51:57','2018-12-11 04:49:44'),(2,'f','1970-01-29','Wiegandtown','Rwanda','2013-01-27 23:40:09','2015-07-18 23:45:18','2020-07-03 06:33:52'),(3,'m','2011-04-08','Kalebborough','South Africa','2019-02-21 04:58:36','2012-12-15 18:33:00','2016-09-20 05:27:14'),(4,'f','1987-04-09','Schulistview','Eritrea','2020-01-29 05:26:13','2020-06-03 17:04:55','2011-06-16 11:37:00'),(5,'f','1986-06-04','West Conradview','United States Virgin Islands','2013-10-13 02:43:20','2018-05-29 03:13:14','2011-04-04 15:57:10'),(6,'f','1985-11-25','North Rustyburgh','Tokelau','2012-03-26 19:10:15','2017-10-14 08:55:51','2017-05-07 21:59:10'),(7,'f','2007-04-05','Bertramview','Kazakhstan','2017-08-29 04:39:12','2021-02-02 03:36:00','2018-03-27 13:35:36'),(8,'m','1987-05-09','East Bette','Peru','2018-08-05 09:22:53','2015-12-14 21:23:57','2020-07-28 15:30:34'),(9,'m','2017-03-29','North Tavaresshire','United States Minor Outlying Islands','2016-01-27 15:59:10','2014-04-19 20:05:51','2016-07-19 15:11:09'),(10,'m','2006-07-22','New Osvaldoshire','Cote d\'Ivoire','2013-04-17 16:24:01','2016-12-01 16:40:12','2011-10-22 13:31:46'),(11,'m','1994-11-02','Winfieldhaven','Liechtenstein','2020-05-16 23:32:31','2016-05-13 10:33:05','2019-09-16 04:44:58'),(12,'m','2001-04-17','Felixberg','Turkmenistan','2014-09-26 05:46:57','2015-07-24 04:10:00','2018-09-22 00:29:47'),(13,'f','1992-07-05','Simonisfurt','Saint Barthelemy','2015-10-31 23:05:58','2015-02-17 14:18:41','2017-11-29 12:36:10'),(14,'f','1972-05-13','Javierside','Ireland','2015-11-02 19:58:26','2016-09-23 04:34:40','2020-02-01 04:48:02'),(15,'f','2005-08-14','Port Jay','French Guiana','2016-02-06 09:43:42','2019-09-19 09:21:56','2011-05-20 18:01:54'),(16,'f','1990-01-25','Lefflerchester','Kazakhstan','2017-04-27 04:03:32','2018-04-16 09:59:49','2020-03-14 10:04:10'),(17,'f','1970-05-26','Lebsackshire','Samoa','2014-06-30 11:08:53','2020-04-24 05:26:14','2020-01-30 10:35:38'),(18,'m','2020-07-23','East Myrticetown','British Indian Ocean Territory (Chagos Archipelago)','2011-10-18 09:05:28','2019-01-22 17:12:21','2012-03-16 21:14:25'),(19,'f','1970-03-09','Okunevachester','Mozambique','2015-02-22 15:46:04','2014-05-28 12:52:08','2014-04-15 16:35:46'),(20,'f','1974-12-13','Susanburgh','Romania','2020-06-21 05:21:16','2019-11-08 05:33:24','2011-07-02 12:27:12'),(21,'f','1976-09-15','New Charlenetown','Marshall Islands','2011-07-20 23:44:02','2013-05-06 17:25:56','2019-02-24 12:29:52'),(22,'m','1979-07-24','West Donnell','Costa Rica','2016-08-25 06:49:34','2017-01-14 04:37:06','2013-05-23 07:29:41'),(23,'f','1982-06-15','Garrychester','Ecuador','2012-03-29 18:19:07','2015-07-28 15:59:48','2018-11-14 17:19:10'),(24,'f','1978-06-27','South Caitlyn','Tonga','2013-11-10 01:14:50','2012-08-22 11:05:19','2016-07-20 01:39:20'),(25,'m','2005-10-14','Demetrisstad','Ecuador','2012-11-22 17:57:27','2016-03-12 00:12:50','2012-12-15 10:53:14'),(26,'m','1980-11-20','Gislasonland','Georgia','2016-12-31 09:57:25','2011-05-30 10:27:38','2011-03-30 20:16:00'),(27,'m','1971-07-04','South Eda','Serbia','2013-03-20 19:40:27','2013-07-23 04:24:25','2015-01-25 01:27:08'),(28,'f','1998-09-24','Olgashire','French Polynesia','2020-05-18 12:39:45','2014-09-23 21:36:16','2013-04-25 03:26:54'),(29,'m','2017-01-08','New Telly','Latvia','2014-08-02 09:01:03','2018-11-25 12:52:19','2017-08-14 00:45:09'),(30,'m','1998-09-19','Hipolitoburgh','Niger','2016-03-21 18:45:50','2019-11-11 03:54:23','2017-12-13 03:42:55'),(31,'f','2008-10-21','Cartwrighttown','Lebanon','2019-02-26 22:01:47','2015-09-14 04:06:47','2016-10-09 15:06:15'),(32,'m','1971-04-20','Lake Elinor','Poland','2015-07-30 21:09:58','2013-09-13 00:48:12','2011-05-11 02:39:20'),(33,'m','1986-08-05','Schambergerfurt','Egypt','2021-02-20 03:41:06','2013-07-23 16:42:23','2019-10-08 15:15:26'),(34,'f','2007-04-10','Bartellchester','Albania','2011-06-15 23:16:30','2012-08-04 22:22:32','2013-09-17 09:28:53'),(35,'f','1993-09-18','Port Pasqualeville','Macao','2019-08-25 11:24:40','2017-11-27 11:34:24','2014-11-03 18:35:43'),(36,'f','1974-11-25','Kihnstad','Guadeloupe','2012-09-30 07:44:36','2011-07-10 16:14:15','2021-03-04 20:34:15'),(37,'m','1996-04-13','Wildermanstad','Ukraine','2017-04-23 22:12:51','2013-07-19 12:33:57','2014-07-06 17:04:23'),(38,'m','1982-01-31','North Clinton','Bahamas','2011-10-06 17:45:23','2012-02-17 21:50:18','2012-04-11 06:34:38'),(39,'f','1984-12-31','Wardport','Cameroon','2014-05-06 08:29:57','2018-04-02 11:34:42','2019-11-30 05:14:57'),(40,'f','1995-02-21','East Flochester','Bangladesh','2018-08-28 12:32:23','2019-06-10 07:41:39','2020-08-22 12:12:56'),(41,'f','2013-04-02','North Budchester','Nauru','2019-08-14 01:45:21','2021-03-03 18:19:21','2012-08-25 08:30:39'),(42,'m','1975-02-16','Adrainton','Libyan Arab Jamahiriya','2011-03-12 00:45:44','2018-07-28 03:32:41','2016-08-12 04:35:54'),(43,'f','1985-03-05','Stoltenbergshire','Western Sahara','2015-10-24 00:25:25','2017-10-13 03:09:21','2017-04-28 09:10:56'),(44,'m','1999-12-04','Loyceton','Cuba','2015-07-01 20:54:34','2015-09-29 07:17:08','2016-04-10 17:17:48'),(45,'f','1989-07-18','New Wendystad','Marshall Islands','2019-07-01 03:33:05','2019-12-28 03:35:23','2019-11-22 02:20:59'),(46,'m','1995-10-24','North Camronshire','Haiti','2020-12-24 10:36:13','2013-03-29 18:45:55','2012-01-25 06:03:59'),(47,'m','2007-06-17','East Christelle','Myanmar','2016-12-12 08:45:50','2015-12-24 13:46:55','2015-04-16 20:03:03'),(48,'f','2005-10-23','Goldnermouth','Israel','2018-07-02 02:00:03','2020-08-07 23:05:42','2018-01-31 16:11:45'),(49,'f','1980-05-18','West Braulio','Saint Martin','2014-05-02 10:22:00','2016-07-17 03:02:45','2013-09-07 12:28:13'),(50,'f','1992-12-29','New Gertrude','Czech Republic','2018-10-01 06:43:55','2015-04-07 03:59:31','2020-01-31 14:24:07'),(51,'f','1999-09-20','Gabemouth','Timor-Leste','2013-07-22 20:54:33','2013-02-06 18:42:02','2019-11-16 01:34:10'),(52,'f','1999-08-23','South Viva','Germany','2019-06-03 00:05:37','2017-05-22 16:28:24','2012-12-04 03:49:40'),(53,'m','1978-10-11','South Colbychester','Sweden','2012-07-11 01:54:15','2012-08-23 21:05:18','2014-07-16 06:37:27'),(54,'m','1987-10-15','New Jordyn','Armenia','2018-11-25 01:51:00','2019-12-28 13:46:01','2014-01-22 14:56:14'),(55,'m','1973-11-10','West Bulahfort','Brunei Darussalam','2011-12-07 17:04:06','2017-05-18 07:23:04','2012-02-13 08:53:59'),(56,'m','1975-07-23','New Ciara','Grenada','2016-06-25 03:18:56','2012-10-05 17:56:36','2011-05-27 14:10:40'),(57,'m','2020-07-05','Osinskihaven','British Indian Ocean Territory (Chagos Archipelago)','2015-11-19 18:31:40','2013-09-12 23:11:32','2011-09-03 10:35:20'),(58,'m','2007-08-19','Cobystad','Mauritius','2018-07-08 09:52:30','2011-09-16 06:30:11','2019-07-10 15:27:40'),(59,'f','1974-06-30','North Camylleberg','Bulgaria','2011-12-04 15:29:12','2015-09-03 04:41:12','2012-07-11 01:18:06'),(60,'f','1986-04-10','Port Alysaberg','Yemen','2011-04-12 13:56:52','2015-07-27 22:16:47','2014-01-24 11:57:18'),(61,'f','2009-08-12','Brauntown','Mongolia','2016-06-29 16:08:02','2017-04-11 05:56:35','2015-02-01 08:29:51'),(62,'f','2007-09-07','East Dario','Qatar','2019-03-03 15:08:34','2011-07-21 02:20:33','2020-11-06 02:11:55'),(63,'m','1996-10-04','Bahringerbury','Belarus','2012-10-04 10:49:31','2018-08-16 19:43:43','2019-06-23 13:08:10'),(64,'f','1992-07-08','Port Robyntown','United Arab Emirates','2017-04-05 05:50:08','2020-11-06 04:50:45','2011-07-17 16:03:17'),(65,'m','1988-06-25','South Onashire','Cameroon','2017-05-08 06:03:01','2017-07-08 01:52:44','2021-01-08 15:05:56'),(66,'m','1989-10-07','West Lindseybury','Burkina Faso','2012-11-23 00:11:05','2015-09-06 17:06:58','2015-12-25 19:35:50'),(67,'m','2015-10-12','Mozelleshire','Seychelles','2013-04-20 09:33:59','2020-01-22 10:42:22','2018-09-11 22:18:21'),(68,'m','1994-06-30','Port Deshaun','Niue','2014-05-16 05:53:06','2019-03-17 15:06:08','2018-10-14 14:11:24'),(69,'m','2007-12-27','Lake Gwendolynport','Niger','2016-11-13 13:36:43','2015-11-06 16:40:50','2016-05-17 13:50:18'),(70,'f','2013-06-20','Port Cordelia','Maldives','2020-03-23 10:24:19','2018-10-27 12:25:15','2020-08-16 12:00:11'),(71,'m','1971-03-23','Abdielmouth','Greece','2019-08-08 08:52:07','2013-04-15 04:46:33','2016-01-03 13:47:19'),(72,'f','2012-05-22','North Emmalee','Serbia','2018-09-04 07:04:26','2017-08-05 12:43:37','2018-03-17 15:10:14'),(73,'f','2004-10-25','Enidtown','Egypt','2017-02-18 13:37:29','2015-02-25 18:07:57','2018-07-11 17:23:46'),(74,'f','2014-05-01','Port Nadia','Azerbaijan','2012-08-18 15:49:55','2012-08-23 20:09:38','2014-05-23 19:45:37'),(75,'f','2017-05-19','Greenburgh','Ethiopia','2012-06-20 10:48:25','2019-08-05 13:07:40','2015-08-14 22:41:16'),(76,'m','1988-03-14','Sipesmouth','Libyan Arab Jamahiriya','2011-06-17 11:26:03','2017-12-16 11:16:17','2013-11-22 16:31:48'),(77,'f','1989-06-15','Kinghaven','Burundi','2012-08-12 19:49:01','2019-04-03 01:57:17','2013-04-05 09:04:26'),(78,'m','2000-05-09','South Naomie','Bangladesh','2015-04-26 00:00:53','2012-09-08 20:35:15','2012-10-30 22:22:24'),(79,'m','1992-07-01','Lake Cathryn','Somalia','2016-08-23 21:57:59','2015-09-21 00:49:06','2015-03-05 20:55:11'),(80,'m','1999-10-02','Lake Colinbury','Guadeloupe','2015-04-29 16:26:55','2018-08-24 21:51:42','2019-02-24 15:12:07'),(81,'m','1973-12-30','Beckertown','Trinidad and Tobago','2015-08-18 03:24:36','2013-04-20 18:41:20','2012-03-11 14:35:53'),(82,'m','2018-12-01','South Willismouth','Senegal','2020-12-05 10:30:09','2019-04-11 13:37:12','2013-11-03 17:57:54'),(83,'f','1974-10-10','West Royce','South Georgia and the South Sandwich Islands','2012-07-15 03:48:07','2015-11-12 03:15:23','2016-02-09 06:42:41'),(84,'f','1978-01-25','New Garrisonside','Dominica','2019-01-31 06:30:42','2012-07-12 04:37:33','2018-09-05 10:39:43'),(85,'f','2008-05-14','North Robertport','Bangladesh','2020-12-03 12:55:49','2019-05-14 06:11:22','2014-02-03 12:28:46'),(86,'f','2016-12-13','Howebury','Portugal','2020-12-23 04:55:26','2015-08-14 22:55:34','2019-05-03 09:11:45'),(87,'m','2007-09-11','Lake Gwendolyn','Nicaragua','2019-09-18 07:19:18','2013-04-16 00:42:33','2012-05-21 06:43:44'),(88,'f','1989-04-21','Heidenreichhaven','Aruba','2013-07-01 04:34:13','2011-11-24 09:46:29','2013-11-15 11:01:25'),(89,'m','1993-07-10','West Fayechester','Belgium','2019-01-08 22:54:03','2020-02-19 18:44:17','2013-03-04 18:26:30'),(90,'f','2003-07-28','Halvorsonberg','Cote d\'Ivoire','2020-10-01 23:01:50','2018-01-26 04:41:19','2021-01-01 01:03:21'),(91,'f','1997-01-25','Macejkovichaven','Seychelles','2015-08-27 08:20:13','2014-02-22 14:54:00','2020-10-15 23:58:00'),(92,'f','2013-07-04','Jacobsonborough','Bermuda','2020-07-04 06:21:36','2016-09-26 17:17:10','2016-06-10 11:01:23'),(93,'m','2020-07-26','Spinkaton','Grenada','2011-03-22 05:12:25','2017-04-23 07:55:25','2018-12-19 02:42:02'),(94,'f','1978-05-12','Port Ikestad','Italy','2015-07-11 07:58:33','2016-07-17 12:36:14','2016-05-07 22:26:40'),(95,'m','2015-09-15','Hoppeburgh','Malawi','2014-10-01 11:16:03','2019-11-20 02:31:34','2013-07-18 21:17:39'),(96,'f','1980-07-30','West Kyleemouth','Tokelau','2011-11-04 12:51:10','2013-05-19 15:50:30','2011-03-16 09:09:31'),(97,'m','1998-06-23','Lake Rylan','Cameroon','2011-08-22 12:37:08','2018-09-02 00:02:40','2014-04-10 12:26:34'),(98,'f','2018-11-01','Ziemefort','Papua New Guinea','2017-07-02 18:54:20','2018-03-29 05:19:11','2015-12-30 22:28:13'),(99,'f','1999-05-09','North Eveview','Slovakia (Slovak Republic)','2019-08-16 02:14:35','2020-10-26 18:38:03','2016-08-16 01:13:18'),(100,'m','1991-07-04','West Havenburgh','Moldova','2019-12-19 13:34:52','2018-04-03 02:29:32','2015-01-02 22:45:23');
/*!40000 ALTER TABLE `profiles` ENABLE KEYS */;
UNLOCK TABLES;

--
-- Table structure for table `users`
--

DROP TABLE IF EXISTS `users`;
/*!40101 SET @saved_cs_client     = @@character_set_client */;
/*!50503 SET character_set_client = utf8mb4 */;
CREATE TABLE `users` (
  `id` int unsigned NOT NULL AUTO_INCREMENT COMMENT '╨Ш╨┤╨╡╨╜╤В╨╕╤Д╨╕╨║╨░╤В╨╛╤А ╤Б╤В╤А╨╛╨║╨╕',
  `first_name` varchar(100) CHARACTER SET utf8mb4 COLLATE utf8mb4_unicode_ci NOT NULL COMMENT '╨Ш╨╝╤П ╨┐╨╛╨╗╤М╨╖╨╛╨▓╨░╤В╨╡╨╗╤П',
  `last_name` varchar(100) CHARACTER SET utf8mb4 COLLATE utf8mb4_unicode_ci NOT NULL COMMENT '╨д╨░╨╝╨╕╨╗╨╕╤П ╨┐╨╛╨╗╤М╨╖╨╛╨▓╨░╤В╨╡╨╗╤П',
  `email` varchar(100) CHARACTER SET utf8mb4 COLLATE utf8mb4_unicode_ci NOT NULL COMMENT '╨Я╨╛╤З╤В╨░',
  `phone` varchar(100) CHARACTER SET utf8mb4 COLLATE utf8mb4_unicode_ci NOT NULL COMMENT '╨в╨╡╨╗╨╡╤Д╨╛╨╜',
  `created_at` datetime DEFAULT CURRENT_TIMESTAMP COMMENT '╨Т╤А╨╡╨╝╤П ╤Б╨╛╨╖╨┤╨░╨╜╨╕╤П ╤Б╤В╤А╨╛╨║╨╕',
  `updated_at` datetime DEFAULT CURRENT_TIMESTAMP ON UPDATE CURRENT_TIMESTAMP COMMENT '╨Т╤А╨╡╨╝╤П ╨╛╨▒╨╜╨╛╨▓╨╗╨╡╨╜╨╕╤П ╤Б╤В╤А╨╛╨║╨╕',
  PRIMARY KEY (`id`),
  UNIQUE KEY `email` (`email`),
  UNIQUE KEY `phone` (`phone`)
) ENGINE=InnoDB AUTO_INCREMENT=101 DEFAULT CHARSET=utf8mb4 COLLATE=utf8mb4_unicode_ci COMMENT='╨Я╨╛╨╗╤М╨╖╨╛╨▓╨░╤В╨╡╨╗╨╕';
/*!40101 SET character_set_client = @saved_cs_client */;

--
-- Dumping data for table `users`
--

LOCK TABLES `users` WRITE;
/*!40000 ALTER TABLE `users` DISABLE KEYS */;
INSERT INTO `users` VALUES (1,'Colin','Boyer','fabiola61@example.org','(612)911-8827x303','2015-12-01 08:34:52','2019-06-11 01:01:46'),(2,'Virgie','Kilback','pjenkins@example.org','+27(8)4276265729','2014-03-08 17:22:15','2014-10-17 03:04:34'),(3,'Alvena','Effertz','batz.anahi@example.net','05987883776','2015-05-25 08:07:28','2013-06-24 11:11:22'),(4,'Caleigh','Dickens','abbie65@example.org','082.960.6310x3527','2012-01-23 04:45:05','2013-09-04 05:26:55'),(5,'Brad','Mante','erdman.myron@example.com','1-389-172-8614x83439','2020-09-24 07:54:20','2019-10-17 19:27:46'),(6,'Vernice','Boehm','vickie.durgan@example.net','(963)124-0461','2013-06-24 05:17:49','2018-06-16 04:27:46'),(7,'Garland','Lind','hilll.anika@example.org','02026082390','2013-12-21 11:20:49','2020-05-05 21:11:22'),(8,'Lizeth','Connelly','ezekiel92@example.net','935.007.0301','2013-02-08 11:12:56','2021-01-07 09:41:38'),(9,'Gracie','Rempel','ebrakus@example.net','(418)167-8319x94709','2014-07-19 07:38:47','2011-12-01 03:06:57'),(10,'Alayna','Deckow','maryjane02@example.com','04905619310','2018-06-02 16:46:54','2019-06-10 16:53:39'),(11,'Rhea','Bosco','dickens.abdul@example.com','219-565-6061x5319','2020-04-26 03:27:11','2019-12-16 10:12:29'),(12,'Dave','Kunde','avery76@example.net','+31(9)7826884131','2018-11-27 20:37:39','2015-06-24 04:00:56'),(13,'Yoshiko','Hartmann','landen86@example.com','(480)277-4122','2015-01-03 20:48:40','2019-12-14 18:11:21'),(14,'Federico','Breitenberg','crist.justice@example.com','1-742-372-3206x1552','2018-10-27 02:50:44','2011-10-30 23:43:30'),(15,'Else','Lubowitz','white.devin@example.com','09300763208','2015-12-20 08:24:32','2011-10-21 12:18:14'),(16,'Moises','Schulist','vwyman@example.com','(256)304-2242x49243','2018-05-31 13:53:16','2013-04-28 12:01:24'),(17,'Allison','Metz','hattie.stark@example.net','667-644-1168x96731','2020-08-05 01:38:37','2016-08-28 20:07:20'),(18,'Charity','Cartwright','bartoletti.elmore@example.org','457-208-2968','2020-05-07 00:24:19','2014-09-26 06:01:40'),(19,'Elissa','Bradtke','oliver.gottlieb@example.net','+85(6)6034641557','2015-11-20 14:07:07','2014-09-26 18:51:51'),(20,'Mario','O\'Kon','bella.smitham@example.org','1-850-894-5591','2016-11-11 01:48:39','2018-01-20 15:07:34'),(21,'Nathaniel','Ritchie','qtorp@example.org','1-150-940-1863','2012-11-25 09:18:21','2021-01-12 06:34:39'),(22,'Napoleon','Kiehn','karine.miller@example.org','(608)196-4945','2016-03-28 10:36:22','2014-09-14 06:09:38'),(23,'Lenora','Schaden','alayna.frami@example.net','226-802-8749','2018-06-30 09:40:26','2015-07-19 11:41:56'),(24,'Nickolas','Rutherford','alize25@example.net','(170)093-6144x420','2017-06-01 07:18:31','2016-05-12 23:17:28'),(25,'Vida','Conroy','cbartoletti@example.org','1-537-203-0766x96418','2020-04-12 10:34:30','2012-03-30 16:08:00'),(26,'Franz','Moore','cstiedemann@example.org','+14(7)3683449520','2020-10-27 17:50:27','2016-11-22 22:30:40'),(27,'Lori','Carter','chaim80@example.org','1-537-197-7894','2012-04-14 11:43:31','2020-07-30 20:43:49'),(28,'Vergie','Dare','mikayla06@example.com','314.356.8083x27764','2016-03-06 03:04:37','2020-06-30 00:21:02'),(29,'Jerrell','Wilkinson','vratke@example.net','(456)095-3285','2014-06-03 11:46:18','2017-01-15 05:33:47'),(30,'Marielle','Jacobson','lschmidt@example.net','1-052-086-4085x08542','2018-01-15 09:13:25','2018-04-22 16:58:05'),(31,'Amara','Kuphal','hildegard59@example.org','07018075665','2016-11-20 05:34:56','2016-01-08 00:27:21'),(32,'Deshawn','Boyle','schamberger.celia@example.org','1-163-368-2391','2019-08-16 07:07:18','2016-12-01 06:11:09'),(33,'Ola','Lueilwitz','alaina.dooley@example.net','007.381.7529','2011-04-30 13:12:17','2017-07-03 14:26:50'),(34,'Frances','Connelly','giovanni.lakin@example.org','518-334-2328x2524','2019-06-05 08:30:55','2016-10-21 07:41:54'),(35,'Arnold','Wilkinson','flesch@example.org','489.409.9099x760','2014-10-28 18:49:25','2018-10-17 03:16:06'),(36,'Kip','Will','jaunita.becker@example.org','+36(7)0887550605','2011-08-03 22:15:28','2016-08-05 09:47:35'),(37,'Addie','Crooks','gerhold.bradley@example.org','06786665773','2018-08-26 13:17:39','2015-05-19 00:15:42'),(38,'Marlee','Kuhn','ferry.joyce@example.org','+90(6)7526613606','2015-03-02 20:51:22','2012-01-25 14:11:49'),(39,'Phyllis','Kunde','hank46@example.com','(938)689-4045x12891','2012-10-29 18:41:02','2012-03-11 12:45:31'),(40,'Maida','Ankunding','schiller.osborne@example.com','784.390.5157x352','2016-10-30 23:44:50','2019-04-14 08:10:46'),(41,'Amina','Vandervort','trantow.foster@example.com','274-598-2487x11474','2016-05-30 09:29:15','2011-06-29 09:33:28'),(42,'Daphnee','Blanda','abelardo.ritchie@example.org','1-217-253-4663x2057','2017-11-20 15:52:40','2018-08-31 14:36:49'),(43,'Ebony','Ankunding','doyle.jett@example.com','+24(3)0690035324','2016-07-28 11:46:45','2020-08-07 22:38:28'),(44,'Katharina','Mills','jmorar@example.org','181-655-9505x105','2021-02-21 16:31:34','2015-12-20 20:22:35'),(45,'Cassidy','Gorczany','erdman.santina@example.org','021.616.0262x975','2012-08-01 03:52:44','2021-02-28 12:41:46'),(46,'Palma','Tillman','willms.easton@example.com','(518)967-7079x9589','2020-06-13 01:02:21','2018-02-27 00:22:46'),(47,'Parker','Shields','stroman.emil@example.org','1-688-139-3005x513','2015-01-14 15:04:35','2016-08-26 07:15:50'),(48,'Dallas','Bernier','whitney16@example.net','694.375.0097','2013-04-03 13:00:33','2012-11-17 02:06:23'),(49,'Jesus','Marks','ngulgowski@example.net','+21(8)9431062716','2017-03-01 19:46:50','2012-06-10 20:44:11'),(50,'Brown','Pollich','joseph81@example.org','(545)476-0203x6177','2013-08-14 12:02:26','2013-01-20 15:36:49'),(51,'Horace','Marvin','ncasper@example.com','1-977-501-3882','2015-11-14 16:14:17','2014-07-29 07:49:48'),(52,'Griffin','Murazik','hgreenholt@example.net','1-507-896-6319x2567','2014-08-15 17:09:46','2016-04-12 22:41:43'),(53,'Cecilia','Fadel','wehner.valentina@example.org','+59(1)7058868190','2020-10-31 20:12:24','2019-04-14 19:12:44'),(54,'Cara','Klocko','bryana50@example.com','018-601-8093x158','2013-07-21 10:45:17','2020-09-19 20:54:58'),(55,'Ted','Moore','stewart.bogan@example.net','099.156.6029x85956','2011-04-13 22:14:37','2012-04-30 20:22:44'),(56,'Raven','Schaden','kenneth94@example.net','(086)011-8982','2014-09-07 05:45:07','2013-03-21 10:52:35'),(57,'Brandy','Renner','hirthe.milan@example.com','1-480-867-7800','2011-04-29 11:25:25','2019-01-04 10:27:57'),(58,'Harry','Kutch','nschulist@example.org','+55(4)3450491954','2018-02-03 01:12:20','2015-03-31 23:04:53'),(59,'Lennie','Howell','prudence67@example.net','+31(2)2240201120','2016-03-14 14:26:40','2020-04-27 03:21:12'),(60,'Jensen','Kuvalis','quigley.nannie@example.net','(465)456-9737','2014-02-23 17:05:06','2015-05-28 04:12:04'),(61,'Josephine','Jenkins','harber.jarrett@example.net','(964)899-4282','2017-04-04 22:35:57','2012-06-01 15:23:00'),(62,'Josiane','Huel','jacquelyn.mcglynn@example.com','334-348-7694x7311','2011-11-09 01:50:36','2020-10-13 07:34:42'),(63,'Cameron','Stroman','kale.grant@example.com','(018)093-8569x72930','2019-09-02 19:21:00','2012-09-10 12:56:19'),(64,'Elna','Osinski','ottis65@example.org','819-327-6535x7454','2018-03-23 03:08:21','2016-12-03 22:25:53'),(65,'Camden','Sanford','zander45@example.com','(799)946-6868','2015-07-13 18:07:54','2012-03-18 02:44:31'),(66,'Filiberto','Kovacek','barbara10@example.org','1-377-395-4782','2014-01-02 17:29:49','2020-08-08 05:07:30'),(67,'Thomas','Donnelly','rosenbaum.antwon@example.org','563-477-6290','2011-07-30 07:52:44','2017-07-04 19:59:57'),(68,'Asa','Lueilwitz','acummings@example.net','+95(5)9815908164','2014-11-15 22:15:00','2015-03-02 06:26:15'),(69,'Eda','Wolf','zbogan@example.org','209.271.5650x62653','2015-06-07 06:45:26','2014-02-13 06:35:39'),(70,'Dortha','McGlynn','hilma58@example.org','670-474-4762x8894','2019-11-14 07:55:06','2013-09-19 16:55:43'),(71,'Athena','Franecki','glebsack@example.net','(943)109-3905x04573','2012-08-21 20:00:12','2011-12-26 12:07:25'),(72,'Kiel','Keeling','brendan15@example.net','123-376-3098x550','2012-08-15 02:46:36','2011-09-22 12:03:49'),(73,'Sidney','Schmitt','rae.hilll@example.com','(249)326-8401x80172','2013-08-23 00:29:55','2014-07-04 04:40:07'),(74,'Kristin','Hermiston','dbogisich@example.net','(920)374-6275','2015-05-11 11:24:49','2012-07-30 08:35:51'),(75,'Gabriella','Keebler','watsica.arianna@example.com','1-952-253-1289x69801','2017-09-13 19:44:04','2019-11-08 00:14:03'),(76,'Doyle','Zieme','sven76@example.com','(856)896-2886x853','2014-06-04 14:02:27','2017-01-02 10:48:05'),(77,'Cleveland','Hayes','cummerata.andy@example.org','1-458-098-3581x8784','2015-04-24 02:22:27','2018-06-03 18:59:01'),(78,'Dameon','Mraz','brandi.moore@example.com','874-033-2692','2021-01-16 14:05:30','2014-08-12 19:46:09'),(79,'Vena','Will','etha.howell@example.org','647.242.0229x2130','2015-10-11 07:38:34','2013-07-06 13:39:27'),(80,'Dane','Herzog','gebert@example.net','379.540.3649','2011-03-22 16:32:48','2016-02-12 14:05:54'),(81,'Adrianna','Kling','lydia61@example.com','890-611-7938','2014-03-14 17:30:35','2018-08-12 08:38:43'),(82,'Libbie','Hamill','davin46@example.com','249-379-8631x9831','2017-07-29 06:56:07','2018-02-17 21:31:27'),(83,'Aliyah','Osinski','hailee.feeney@example.net','1-048-341-3899x1055','2012-02-12 21:44:34','2011-11-13 19:01:26'),(84,'Alexys','Bechtelar','wmayert@example.net','(186)863-2549','2020-08-03 18:06:31','2018-06-27 17:35:31'),(85,'Arturo','Barrows','bins.kadin@example.net','735-548-6724','2016-09-08 05:36:18','2020-11-12 05:10:23'),(86,'Lori','Rice','lullrich@example.com','04643844462','2020-04-20 11:24:54','2015-03-15 10:32:00'),(87,'Nayeli','Collier','kemmer.glenda@example.com','548-928-3944','2012-01-06 21:08:48','2012-11-02 17:42:28'),(88,'Frederic','Gutmann','grayson96@example.com','616-587-0680x620','2019-03-18 15:09:43','2013-01-21 09:41:59'),(89,'Marguerite','Rempel','shemar.bruen@example.org','(547)793-2194','2014-08-11 00:20:37','2020-10-22 19:28:05'),(90,'Mathew','Mraz','kautzer.kole@example.net','782-100-2579','2012-01-13 21:43:27','2018-01-05 21:09:31'),(91,'Osvaldo','Grimes','graham.destiny@example.org','(680)843-4035','2012-08-31 23:21:47','2012-06-17 07:46:57'),(92,'Oran','Metz','jaleel43@example.org','(990)306-7012x928','2017-06-01 06:14:03','2020-05-21 18:45:21'),(93,'Kirstin','Langosh','ofritsch@example.net','319-366-5465','2014-08-01 16:27:01','2020-12-19 03:37:19'),(94,'Brandy','Rice','lubowitz.devyn@example.com','(417)650-7267','2011-09-16 16:18:26','2015-01-23 19:55:20'),(95,'Adolf','Schumm','scrist@example.org','163-639-0382','2012-08-29 07:51:20','2018-06-01 12:14:43'),(96,'Jovanny','Bosco','oberbrunner.arianna@example.com','02132295692','2012-08-20 16:42:34','2018-11-17 02:29:21'),(97,'Jermaine','Murray','corine82@example.com','(975)856-8831','2018-07-18 07:29:40','2018-12-26 05:14:48'),(98,'Priscilla','Windler','yrippin@example.org','(104)090-9319x3239','2020-09-10 00:44:31','2012-04-17 06:27:01'),(99,'Demario','Heller','leone89@example.com','(456)376-3681x0893','2019-12-24 19:49:13','2017-12-23 19:22:50'),(100,'Kiara','Cassin','roberts.carson@example.net','+29(9)0444594952','2018-03-09 17:51:03','2011-03-30 15:03:22');
/*!40000 ALTER TABLE `users` ENABLE KEYS */;
UNLOCK TABLES;
/*!40103 SET TIME_ZONE=@OLD_TIME_ZONE */;

/*!40101 SET SQL_MODE=@OLD_SQL_MODE */;
/*!40014 SET FOREIGN_KEY_CHECKS=@OLD_FOREIGN_KEY_CHECKS */;
/*!40014 SET UNIQUE_CHECKS=@OLD_UNIQUE_CHECKS */;
/*!40101 SET CHARACTER_SET_CLIENT=@OLD_CHARACTER_SET_CLIENT */;
/*!40101 SET CHARACTER_SET_RESULTS=@OLD_CHARACTER_SET_RESULTS */;
/*!40101 SET COLLATION_CONNECTION=@OLD_COLLATION_CONNECTION */;
/*!40111 SET SQL_NOTES=@OLD_SQL_NOTES */;

-- Dump completed on 2021-03-05 13:06:11
